molecule,#stars,#amine,#amidine,#acid,#amide,#rotor,#rtvFG,CNS,mol_MW,dipole,SASA,FOSA,FISA,PISA,WPSA,volume,donorHB,accptHB,dip^2/V,ACxDN^.5/SA,glob,QPpolrz,QPlogPC16,QPlogPoct,QPlogPw,QPlogPo/w,QPlogS,CIQPlogS,QPlogHERG,QPPCaco,QPlogBB,QPPMDCK,QPlogKp,IP(eV),EA(eV),#metab,QPlogKhsa,HumanOralAbsorption,PercentHumanOralAbsorption,SAfluorine,SAamideO,PSA,#NandO,RuleOfFive,#ringatoms,#in34,#in56,#noncon,#nonHatm,RuleOfThree,Jm,Label
mol_1,0,0,0,1,0,3,0,-1,282.222,5.296,495.035,0.671,108.867,269.315,116.183,820.208,1,2.5,0.0341983,0.0050501,0.8560088,27.316,7.887,12.59,6.789,4.833,-4.389,-4.637,-3.339,232.869,-0.323,563.842,-2.289,8.513,0.856,3,0.076,3,100,116.183,0,67.192,4,0,12,0,12,0,20,0,0.056,1
mol_2,0,0,0,1,0,6,1,-1,337.418,1.043,664.718,348.885,108.418,207.416,0,1158.696,1,2.75,0.0009387,0.0041371,0.802615,38.345,11.44,15.238,6.317,5.407,-6.409,-5.726,-3.908,235.167,-0.92,131.619,-2.211,7.989,0.446,6,0.825,1,88.089,0,0,68.134,4,1,15,0,15,2,25,1,0.001,1
mol_3,0,0,0,0,0,6,1,-1,336.433,3.3,663.272,346.248,112.231,204.792,0,1157.819,2,3.25,0.0094048,0.0069296,0.803959,38.285,11.665,17.077,8.279,4.437,-5.997,-5.403,-5.681,854.302,-0.956,417.282,-2.29,8.128,0.257,6,0.786,3,100,0,0,70.668,4,0,15,0,15,2,25,1,0.002,1
mol_4,1,0,0,1,0,7,1,-2,362.427,5.172,692.205,341.743,165.182,185.281,0,1217.64,1,4.25,0.0219711,0.0061398,0.7966659,39.851,12.263,17.067,7.876,4.731,-7.182,-6.65,-3.898,68.09,-1.594,34.474,-3.239,8.327,0.688,5,0.639,1,87.456,0,0,93.587,5,0,15,0,15,2,27,1,0,1
mol_5,1,0,0,0,0,7,1,-2,361.443,7.813,697.282,342.877,166.136,188.269,0,1225.24,2,4.75,0.0498154,0.0096339,0.7941525,40.183,12.596,19.29,9.872,3.874,-6.964,-6.359,-5.761,263.289,-1.615,116.925,-3.246,8.479,0.795,6,0.655,1,92.947,0,0,96.017,5,0,15,0,15,2,27,1,0,1
mol_6,1,0,0,0,0,7,1,-2,375.469,8.256,714.042,444.269,117.564,152.209,0,1275.016,1,4.75,0.053465,0.0066523,0.7963762,41.831,12.243,18.187,7.872,4.66,-7.385,-6.717,-5.553,760.391,-1.094,367.93,-2.478,8.352,0.693,5,0.855,1,100,0,0,81.906,5,0,15,0,15,2,28,1,0,1
mol_7,1,0,0,0,0,7,1,-1,389.496,5.983,744.07,490.727,102.489,150.854,0,1337.026,0,5.25,0.0267745,0,0.7888196,44.3,12.511,17.409,6.86,4.928,-7.429,-6.679,-5.669,1056.807,-0.956,525.154,-2.205,8.182,0.499,5,0.798,1,100,0,0,72.181,5,0,15,0,15,2,29,1,0,1
mol_8,1,0,0,1,0,7,1,-2,376.454,5.608,704.2,390.041,136.402,177.757,0,1258.04,1,5.25,0.0250026,0.0074553,0.8003226,41.396,12.385,18.062,8.643,4.756,-7.017,-6.538,-3.803,127.645,-1.278,67.996,-2.735,9.147,0.869,4,0.546,1,92.489,0,0,82.866,5,0,15,0,15,2,28,1,0,1
mol_9,1,0,0,0,0,7,1,-2,376.454,5.193,746.455,439.899,118.873,187.682,0,1298.194,0,4.25,0.0207746,0,0.7710006,43.097,12.589,16.412,6.243,5.092,-7.998,-6.866,-6.132,738.965,-1.192,356.737,-2.377,8.225,0.6,5,0.953,1,95.144,0,0,80.091,5,1,15,0,15,2,28,1,0,1
mol_10,1,0,0,0,0,8,2,-2,377.442,9.468,712.247,341.798,182.756,187.694,0,1252.972,2,6.45,0.0715438,0.0128069,0.7891546,40.646,12.989,20.701,11.471,3.252,-6.512,-6.047,-5.839,183.159,-1.875,78.987,-3.458,8.516,0.818,5,0.376,1,86.485,0,0,107.305,6,0,15,0,15,2,28,1,0,1
mol_12,1,0,0,0,0,7,1,-2,360.455,6.797,700.853,404.082,112.565,184.206,0,1242.573,0,4.25,0.0371758,0,0.7975405,40.838,11.894,15.915,6.067,4.769,-7.133,-6.526,-5.686,848.102,-1.038,414.01,-2.273,8.426,0.753,5,0.791,1,100,0,0,71.452,4,0,15,0,15,2,27,1,0,1
mol_13,0,0,0,1,0,8,1,-2,367.444,3.238,672.178,372.823,146.744,152.611,0,1204.944,2,4.45,0.0087001,0.0093625,0.8146886,38.388,11.983,17.829,8.921,4.483,-5.455,-5.59,-3.451,101.842,-1.393,53.269,-2.918,7.909,0.426,7,0.461,3,89.134,0,0,89.216,5,0,15,0,15,2,27,1,0.002,1
mol_14,0,0,0,0,0,8,1,-2,366.459,3.49,693.952,378.571,142.095,173.285,0,1236.964,3,4.95,0.0098477,0.0123548,0.8030464,39.867,12.642,20.058,11.039,3.822,-5.504,-5.285,-5.545,445.051,-1.388,206.216,-2.76,8.317,0.123,7,0.526,3,96.727,0,0,92.95,5,0,15,0,15,2,27,1,0.002,1
mol_15,0,0,0,0,0,9,2,-2,382.458,5.085,701.378,373.419,157.722,170.236,0,1253.353,3,6.65,0.0206324,0.0164222,0.8015468,39.852,12.889,21.156,12.597,3.17,-4.998,-5.001,-5.555,316.388,-1.616,142.609,-2.963,8.4,0.46,6,0.253,3,90.256,0,0,102.722,6,0,15,0,15,2,28,0,0.004,1
mol_16,2,0,0,1,0,6,1,-2,388.345,0.857,662,177.384,161.577,205.225,117.815,1144.916,1,4.25,0.0006414,0.0064199,0.7995081,37.773,10.904,16.673,8.176,4.767,-7.314,-7.181,-3.947,73.666,-1.194,165.894,-3.198,8.544,1.04,4,0.483,1,88.277,117.815,0,93.57,5,0,15,0,15,2,28,1,0,1
mol_17,1,0,0,1,0,7,1,-2,416.399,4.683,704.999,258.611,164.632,178.89,102.865,1250.676,1,4.25,0.0175372,0.0060284,0.7962934,41.112,11.864,17.953,7.895,5.33,-7.861,-7.758,-3.874,68.912,-1.337,127.826,-3.251,8.42,0.849,5,0.73,1,78.1,102.865,0,93.48,5,1,15,0,15,2,30,1,0,1
mol_18,1,0,0,1,0,7,1,-2,416.399,3.935,700.684,257.439,161.286,179.229,102.73,1243.54,1,4.25,0.0124509,0.0060655,0.7981467,40.829,11.771,17.774,7.864,5.309,-7.783,-7.758,-3.845,74.135,-1.294,138.093,-3.189,8.45,0.865,5,0.711,1,78.54,102.73,0,93.543,5,1,15,0,15,2,30,1,0,1
mol_19,1,0,0,1,0,7,1,-2,404.345,1.903,664.522,177.022,161.709,203.929,121.863,1159.333,1,4.25,0.0031245,0.0063956,0.8031456,37.695,11.006,16.683,7.955,4.873,-7.214,-7.51,-3.882,73.453,-1.231,174.037,-3.109,8.479,0.889,5,0.481,1,88.875,121.863,0,101.565,6,0,15,0,15,2,29,1,0,1
mol_20,1,0,0,1,0,7,1,-2,384.382,3.526,673.27,253.343,161.934,190.648,67.346,1181.955,1,4.25,0.0105164,0.0063125,0.8029893,38.474,11.487,16.772,7.868,4.792,-7.134,-7.099,-3.822,73.094,-1.367,87.036,-3.16,8.466,0.894,4,0.543,1,88.362,67.346,0,93.692,5,0,15,0,15,2,28,1,0,1
mol_21,0,0,0,1,0,6,1,-2,339.393,2.188,661.21,355.653,129.968,175.59,0,1137.779,1,4.25,0.0042088,0.0064276,0.7971329,37.204,11.168,15.721,7.716,4.455,-5.786,-5.18,-3.844,146.898,-1.162,79.146,-2.72,8.423,0.609,3,0.462,3,91.817,0,0,90.474,6,0,15,0,15,2,25,1,0.001,1
mol_22,1,0,0,1,0,6,1,-1,355.408,2.315,666.243,347.06,105.906,183.344,29.933,1165.241,1,2.75,0.0046008,0.0041276,0.8037906,38.377,11.121,15.404,6.15,5.553,-6.567,-6.098,-3.774,248.421,-0.817,203.718,-2.249,8.447,0.396,5,0.843,1,89.369,29.933,0,68.653,4,1,15,0,15,2,26,1,0.001,1
mol_23,1,0,0,1,0,7,1,-2,363.415,4.647,691.974,342.116,169.715,180.144,0,1206.995,1,4.75,0.0178901,0.0068644,0.79228,39.376,12.165,17.107,8.363,4.413,-6.988,-6.472,-3.945,61.673,-1.661,30.976,-3.341,8.49,0.939,3,0.506,1,84.823,0,0,101.832,6,0,15,0,15,2,27,1,0,1
mol_24,1,0,0,1,0,7,1,-2,399.414,7.547,674.54,144.395,173.981,242.776,113.388,1181.467,1,5,0.0482044,0.0074125,0.8012573,38.952,12.261,18.226,9.062,4.625,-7.076,-7.236,-4.098,56.187,-1.387,117.065,-3.199,8.706,1.192,4,0.389,1,85.343,67.346,0,96.74,5,0,15,0,15,0,28,1,0,1
mol_25,1,0,0,1,0,7,1,-1,384.398,6.975,715.683,364.01,120.55,122.559,108.564,1225.077,1,3,0.0397074,0.0041918,0.7736659,39.549,10.937,16.645,6.009,5.952,-7.56,-6.161,-3.971,180.438,-0.935,388.759,-2.637,8.203,0.613,6,0.911,1,89.219,108.564,0,78.727,5,1,12,0,12,6,27,1,0,1
mol_26,1,0,0,1,0,7,1,-2,379.381,7.883,692.558,253.303,198.921,131.76,108.573,1193.506,1,4.5,0.0520693,0.0064977,0.7857037,38.374,11.208,17.663,8.026,4.586,-7.567,-6.458,-3.82,32.593,-1.74,61.153,-4.049,8.923,0.971,5,0.518,1,80.878,108.573,0,99.302,5,0,12,0,12,6,27,1,0,1
mol_27,1,0,0,1,0,7,1,-2,398.408,6.843,697.794,337.681,162.204,137.48,60.428,1235.457,1,4.25,0.0379066,0.0060906,0.7979757,40.107,11.681,17.594,7.565,5.04,-7.546,-7.388,-3.649,72.663,-1.408,79.256,-3.353,8.357,0.822,5,0.689,1,76.813,60.428,0,93.815,5,1,15,0,15,2,29,1,0,1
mol_28,1,0,0,1,0,7,1,-2,380.418,6.821,701.977,341.729,165.36,163.602,31.286,1229.854,1,4.25,0.0378286,0.0060543,0.7908205,40.132,12.039,17.482,7.764,4.9,-7.495,-7.018,-3.889,67.825,-1.544,50.938,-3.319,8.246,0.654,5,0.671,1,88.413,31.286,0,93.685,5,0,15,0,15,2,28,1,0,1
mol_29,0,0,0,1,0,7,1,-2,380.443,5.269,695.438,335.554,181.653,178.232,0,1234.174,3,5.25,0.0224941,0.0130756,0.8001237,40.445,12.935,20.82,11.862,3.938,-5.609,-5.455,-3.809,47.521,-1.75,23.37,-3.567,8.067,0.415,6,0.351,3,80.014,0,0,116.317,6,0,15,0,15,2,28,0,0,1
mol_30,1,0,0,0,0,7,1,-2,418.393,5.379,671.117,68.1,176.409,259.039,167.568,1168.041,2,5.5,0.0247727,0.0115899,0.799231,38.57,12.137,19.791,11.157,3.873,-7.001,-7.35,-6.016,210.384,-1.288,759.532,-3.186,8.922,1.366,6,0.373,1,91.2,121.866,0,106.917,6,0,15,0,15,0,29,1,0,1
mol_31,1,0,0,1,0,7,1,-2,363.415,6.845,686.614,342.051,174.657,169.907,0,1202.321,1,5.25,0.0389688,0.0076462,0.7964021,39.091,12.074,17.59,8.807,4.127,-6.703,-6.273,-3.829,55.365,-1.694,27.566,-3.468,8.222,0.742,6,0.393,1,82.313,0,0,104.907,6,0,15,0,15,2,27,1,0,1
mol_32,0,0,0,1,0,7,1,-2,415.503,4.158,713.568,393.834,151.094,168.078,0.562,1291.164,1,6.75,0.0133898,0.0094595,0.8036198,42.629,12.728,19.229,10.177,4.25,-5.612,-5.728,-3.704,92.614,-1.417,48.413,-3.04,8.361,0.702,5,0.328,3,87.03,0,0,98.915,6,0,15,0,15,2,29,0,0.001,1
mol_33,0,0,0,0,0,7,2,-2,384.452,9.478,689.163,343.653,195.545,123.543,26.423,1209.114,2,7.95,0.0742942,0.016314,0.7964425,38.92,12.373,21.088,12.773,2.328,-5.917,-5.565,-5.415,138.532,-1.849,81.51,-4.016,8.56,1.336,6,0.042,3,78.904,0,0,119.007,7,0,14,0,14,2,27,1,0,1
mol_34,1,0,0,1,0,6,1,-2,368.45,5.147,676.323,344.084,161.903,132.023,38.313,1185.079,1,4.25,0.0223567,0.006284,0.8007723,38.681,11.813,16.792,7.687,4.632,-7.225,-6.713,-3.578,73.144,-1.387,60.392,-3.462,8.371,0.955,6,0.593,1,87.429,0,0,93.717,5,0,14,0,14,2,26,1,0,1
mol_35,0,0,0,0,0,8,1,-1,408.376,12.077,632.18,220.029,136.075,154.219,121.856,1148.305,3,4.95,0.1270087,0.013562,0.8388725,36.137,10.825,21.018,10.763,3.782,-4.985,-6.116,-4.875,507.576,-0.909,1105.506,-2.716,8.081,0.324,7,0.321,3,100,121.856,0,99.569,6,0,15,0,15,2,29,1,0.008,1
mol_36,1,0,0,0,0,8,2,-2,419.359,7.979,698.651,178.698,189.637,208.447,121.87,1205.355,2,6.45,0.0528125,0.0130561,0.7839974,38.938,11.945,20.484,11.669,3.394,-6.81,-6.878,-6.021,157.607,-1.676,312.341,-3.512,8.37,0.785,5,0.249,1,86.148,121.87,0,116.013,7,0,15,0,15,2,30,1,0,1
mol_37,2,0,0,0,0,8,2,-2,461.406,3.996,702.632,174.006,183.864,185.413,159.348,1235.255,2,6.95,0.0129256,0.0139885,0.7923942,39.915,11.768,20.714,11.988,3.542,-6.88,-7.528,-5.776,178.778,-1.48,574.248,-3.487,8.8,1.818,4,0.242,1,88,159.348,0,107.512,6,0,15,0,15,2,31,1,0,1
mol_38,0,0,0,0,0,8,2,-2,434.392,5.462,655.431,74.348,195.123,218.39,167.571,1171.479,2,7.2,0.0254702,0.0155353,0.8199631,37.677,12,20.484,12.424,3.065,-6.045,-7.021,-5.487,139.814,-1.442,488.364,-3.578,8.989,1.371,5,0.057,3,83.295,121.839,0,118.077,7,0,15,0,15,0,30,1,0,1
mol_39,1,0,0,0,0,8,2,-1,433.386,5.07,693.263,271.371,132.371,167.651,121.87,1237.063,1,6.45,0.0207805,0.0093038,0.8038871,39.818,11.289,18.643,9.524,4.082,-6.735,-7.214,-5.505,550.338,-0.985,1206.721,-2.6,8.424,0.768,5,0.363,1,100,121.87,0,101.091,7,0,15,0,15,2,31,1,0,1
mol_40,1,0,0,0,0,7,1,-2,403.36,5.473,641.683,180.152,170.661,169.008,121.862,1146.2,2,4.75,0.0261287,0.0104686,0.8254388,36.836,10.918,18.495,9.68,3.806,-6.525,-7.202,-5.163,238.517,-1.229,488.746,-3.397,8.55,0.882,6,0.462,1,91.783,121.862,0,104.897,6,0,15,0,15,2,29,1,0,1
mol_41,2,0,0,1,0,7,1,-2,446.391,1.273,680.871,175.401,160.734,185.388,159.347,1197.206,1,4.75,0.0013544,0.0069764,0.8008409,39.034,10.995,17.549,8.367,5.03,-7.483,-8.174,-3.831,75.034,-1.138,285.744,-3.157,8.63,1.754,4,0.482,1,77.004,159.347,0,93.474,5,1,15,0,15,2,30,1,0,1
mol_42,0,0,0,0,0,9,2,-2,424.376,4.248,677.2,210.825,151.02,193.484,121.87,1200.774,3,6.65,0.01503,0.0170085,0.8067812,37.97,11.706,21.036,12.694,3.391,-5.13,-5.818,-5.581,366.247,-1.227,777.049,-2.757,8.347,0.594,6,0.126,3,92.69,121.87,0,111.048,7,0,15,0,15,2,30,0,0.006,1
mol_43,2,0,0,0,0,7,1,-2,445.406,3.232,690.373,175.724,166.333,188.955,159.361,1208.479,2,5.25,0.0086413,0.0107545,0.7947689,39.519,11.406,19.554,10.409,4.178,-7.378,-7.863,-5.754,262.159,-1.223,868.691,-3.247,8.76,1.802,5,0.521,1,94.695,159.361,0,95.924,5,0,15,0,15,2,30,1,0,1
mol_44,1,0,0,1,0,6,1,-2,369.437,5.891,676.671,344.82,179.622,125.805,26.424,1176.121,1,5.75,0.0295036,0.0084975,0.7963218,38.263,11.73,17.551,9.239,3.766,-6.616,-6.137,-3.62,49.676,-1.622,34.216,-3.811,8.263,1.189,6,0.262,1,79.351,0,0,104.738,6,0,14,0,14,2,26,1,0,1
mol_45,2,0,0,0,0,8,2,-2,476.438,5.372,671.08,72.48,194.986,198.538,205.076,1209.268,2,7.7,0.0238665,0.0162268,0.8179736,39,11.973,21.352,12.832,3.22,-6.313,-7.667,-5.424,140.232,-1.358,786.32,-3.646,9.136,1.818,4,0.063,1,84.223,159.353,0,109.975,6,0,15,0,15,0,31,1,0,1
mol_46,1,0,0,0,0,4,2,0,431.392,5.655,715.887,169.444,85.694,313.176,147.573,1250.711,1,6.5,0.0255655,0.0090797,0.7841974,44.322,11.998,20.496,11.192,4.729,-6.878,-6.383,-6.517,1524.973,-0.244,5021.543,-1.612,9.018,1.606,1,0.549,1,100,147.573,0,73.694,6,0,21,0,21,4,31,1,0.001,1
mol_47,1,0,0,0,0,4,2,0,431.392,3.236,715.764,170.179,98.175,299.555,147.855,1248.986,1,6.5,0.0083854,0.0090812,0.7836103,44.123,11.973,20.229,11.184,4.616,-6.877,-6.383,-6.462,1161.194,-0.381,3753.667,-1.89,8.865,1.548,2,0.544,1,100,147.855,0,76.894,6,0,21,0,21,4,31,1,0.001,1
mol_48,1,0,0,0,0,4,2,0,431.392,10.837,712.475,165.568,92.862,300.307,153.738,1247.171,1,6.5,0.0941742,0.0091231,0.7864645,44.057,11.877,21.398,11.147,4.666,-6.845,-6.383,-6.419,1304.04,-0.301,4582.95,-1.789,8.806,1.52,2,0.541,1,100,153.738,0,76.072,6,0,21,0,21,4,31,1,0.001,1
mol_49,2,0,0,0,0,4,2,0,449.382,6.711,745.777,152.361,84.186,318.504,190.727,1286.199,1,6.5,0.0350142,0.0087157,0.7669397,45.793,12.158,21.284,11.305,5.125,-7.596,-6.75,-6.822,1576.016,-0.164,8967.87,-1.565,9.048,1.633,1,0.637,1,100,190.727,0,73.503,6,1,21,0,21,4,32,1,0,1
mol_50,2,0,0,0,0,4,2,0,449.382,4.745,718.669,153.775,95.589,291.128,178.177,1259.447,1,6.5,0.0178802,0.0090445,0.7847952,44.461,11.797,20.609,11.126,4.807,-7.061,-6.75,-6.403,1228.654,-0.275,5848.801,-1.872,8.892,1.569,2,0.573,1,100,178.177,0,76.664,6,0,21,0,21,4,32,1,0.001,1
mol_51,2,0,0,0,0,4,1,0,413.401,13.19,710.765,192.925,85.474,314.691,117.675,1241.771,1,6.5,0.1400937,0.0091451,0.7860805,43.979,12.109,21.805,11.178,4.563,-6.657,-6.017,-6.494,1532.315,-0.311,3461.881,-1.602,8.877,1.523,1,0.526,1,100,117.675,0,74.897,6,0,21,0,21,4,30,1,0.002,1
mol_52,1,0,0,0,0,4,1,0,413.401,10.136,711.067,194.187,99.853,299.52,117.506,1244.647,1,6.5,0.0825443,0.0091412,0.7869586,43.949,12.13,21.056,11.173,4.463,-6.662,-6.017,-6.408,1119.415,-0.464,2460.375,-1.921,8.757,1.396,2,0.534,1,100,117.506,0,78.494,6,0,21,0,21,4,30,1,0.001,1
mol_53,2,0,0,0,0,4,1,0,412.414,11.497,713.433,193.141,77.721,324.913,117.658,1249.977,1,5.5,0.1057489,0.0077092,0.7865872,44.405,12.204,20.926,10.216,5.105,-7.088,-6.401,-6.535,1814.979,-0.226,4156.122,-1.423,8.696,1.235,0,0.755,1,100,117.658,0,65.245,5,1,21,0,21,4,30,1,0.001,1
mol_54,2,0,0,0,0,4,2,0,430.404,3.966,718.697,169.68,78.071,323.333,147.614,1259.659,1,5.5,0.0124852,0.0076527,0.7848516,44.777,12.1,19.92,10.231,5.276,-7.312,-6.769,-6.555,1801.152,-0.16,6014.474,-1.435,8.834,1.326,0,0.781,1,100,147.614,0,64.043,5,1,21,0,21,4,31,1,0.001,1
mol_55,2,0,0,0,0,4,2,0,430.404,10.775,716.01,165.179,76.574,320.305,153.953,1259.514,1,5.5,0.0921844,0.0076815,0.7877369,44.742,12.017,21.033,10.196,5.307,-7.292,-6.769,-6.494,1861.011,-0.122,6749.457,-1.418,8.958,1.393,0,0.782,1,100,153.953,0,64.301,5,1,21,0,21,4,31,1,0.001,1
mol_56,0,0,0,0,0,5,1,0,428.413,8.483,717.132,169.964,109.351,320.003,117.814,1265.153,2,7.2,0.0568841,0.0141987,0.7888508,44.323,12.758,22.73,13.325,4.14,-6.353,-6.002,-6.475,909.763,-0.62,1973.985,-1.928,8.538,1.106,1,0.399,1,100,117.814,0,83.926,6,0,21,0,21,4,31,1,0.002,1
mol_57,2,0,0,0,0,4,1,0,430.404,8.911,716.617,190.104,76.876,301.91,147.728,1261.21,1,5.5,0.0629551,0.0076749,0.7877759,44.634,11.946,20.536,10.072,5.27,-7.276,-6.769,-6.406,1848.762,-0.141,6195.402,-1.489,8.88,1.508,0,0.786,1,100,147.728,0,63.281,5,1,21,0,21,4,31,1,0.001,1
mol_58,1,0,0,0,0,5,1,0,446.403,7.051,727.208,168.315,110.657,299.772,148.464,1277.677,2,7.2,0.0389091,0.014002,0.7830458,44.631,12.566,22.694,13.231,4.297,-6.657,-6.361,-6.472,884.181,-0.577,2817.427,-2.023,8.617,1.287,1,0.427,1,100,148.464,0,82.832,6,0,21,0,21,4,32,1,0.001,1
mol_59,1,0,0,0,0,6,1,-1,460.43,10.715,750.271,180.152,125.696,299.829,144.593,1336.32,2,7.2,0.0859157,0.0135716,0.7820252,46.336,13.262,23.97,13.167,4.542,-6.872,-6.641,-6.489,636.684,-0.814,1881.471,-2.204,8.91,1.414,1,0.536,1,100,144.593,0,85.926,6,0,21,0,21,4,33,1,0,1
mol_60,0,0,0,0,0,4,1,0,414.389,10.475,706.259,194.45,117.603,276.043,118.163,1230.38,1,7.5,0.0891837,0.0106193,0.7862493,43.154,11.949,21.455,12.108,3.801,-6.198,-5.632,-6.307,759.747,-0.656,1631.783,-2.33,8.722,1.486,3,0.29,3,100,118.163,0,88.787,7,0,21,0,21,4,30,1,0.001,1
mol_61,0,0,0,0,0,4,1,0,414.389,9.335,707.946,193.793,98.412,297.709,118.033,1232.969,1,7.5,0.0706834,0.010594,0.7854765,43.464,11.994,21.246,12.128,3.974,-6.226,-5.632,-6.423,1155.214,-0.451,2562.498,-1.9,8.586,1.475,4,0.296,1,100,118.033,0,84.233,7,0,21,0,21,4,30,1,0.003,1
mol_62,1,0,0,0,0,4,1,0,413.401,11.703,709.456,193.015,98.105,300.229,118.107,1240.526,1,6.5,0.1104106,0.0091619,0.7870038,43.791,12.079,21.377,11.162,4.452,-6.636,-6.017,-6.41,1162.974,-0.444,2583.527,-1.886,8.677,1.268,1,0.523,1,100,118.107,0,76.416,6,0,21,0,21,4,30,1,0.001,1
mol_63,1,0,0,0,0,4,0,0,424.425,12.433,748.281,238.346,90.628,301.718,117.59,1298.867,1,5.5,0.119007,0.0073502,0.769384,46.14,12.672,21.674,10.23,5.291,-7.712,-6.647,-6.702,1369.229,-0.41,3062.127,-1.743,8.716,1.249,1,0.882,1,100,117.59,0,67.702,5,1,21,0,21,4,31,1,0,1
mol_64,2,0,0,0,0,5,0,0,448.462,8.571,736.853,196.668,105.184,316.781,118.22,1296.47,1,7,0.0566618,0.0094999,0.7803556,45.545,12.816,21.538,11.661,4.56,-6.765,-6.526,-6.597,996.407,-0.599,2189.129,-1.862,8.774,1.305,0,0.524,1,100,117.514,0,75.613,6,0,21,0,21,4,31,1,0.001,1
mol_65,1,0,0,0,0,6,1,-1,442.44,6.603,749.194,183.68,124.346,323.434,117.733,1323.315,2,7.2,0.032947,0.0135911,0.7780599,46.041,13.487,23.015,13.307,4.392,-6.736,-6.281,-6.666,655.732,-0.879,1384.183,-2.096,8.942,1.423,1,0.499,1,100,117.733,0,86.572,6,0,21,0,21,4,32,1,0.001,1
mol_66,1,0,0,0,0,6,1,0,442.44,7.754,736.894,193.514,104.035,321.603,117.742,1310.824,2,7.2,0.0458635,0.0138179,0.7860608,45.524,13.179,22.942,13.127,4.459,-6.526,-6.281,-6.527,1021.738,-0.632,2235.817,-1.728,8.755,1.301,1,0.472,1,100,117.742,0,82.698,6,0,21,0,21,4,32,1,0.002,1
mol_67,1,0,0,0,0,6,1,0,442.44,7.559,735.955,192.114,95.617,330.344,117.88,1311.048,2,7.2,0.0435874,0.0138355,0.7871532,45.616,13.178,22.921,13.127,4.531,-6.51,-6.281,-6.551,1227.907,-0.538,2731.972,-1.542,8.601,1.341,3,0.474,1,100,117.88,0,78.097,6,0,21,0,21,4,32,1,0.004,1
mol_68,0,0,0,0,0,6,1,-1,443.428,8.777,734.664,193.294,111.876,311.624,117.87,1302.441,2,8.2,0.0591482,0.0157848,0.7850823,45.093,13.086,23.529,14.092,3.94,-6.157,-5.916,-6.496,860.953,-0.719,1861.073,-1.908,8.935,1.581,2,0.266,3,100,117.87,0,92.393,7,0,21,0,21,4,32,1,0.004,1
mol_69,0,0,0,0,0,6,1,-2,443.428,6.015,738.206,181.603,143.398,295.935,117.269,1305.273,2,8.2,0.0277157,0.0157091,0.7824476,45.057,13.239,23.202,14.208,3.716,-6.214,-5.916,-6.464,432.573,-1.072,877.755,-2.544,8.86,1.582,3,0.271,1,95.883,117.269,0,98.323,7,0,21,0,21,4,32,1,0.001,1
mol_70,0,0,0,0,0,6,1,-1,443.428,3.927,740.129,180.88,133.34,308.479,117.43,1307.217,2,8.2,0.0117946,0.0156683,0.7811887,45.254,13.279,23.019,14.229,3.812,-6.247,-5.916,-6.544,538.808,-0.967,1115.172,-2.314,8.712,1.634,4,0.275,1,100,117.43,0,93.776,7,0,21,0,21,4,32,1,0.001,1
mol_71,1,0,0,0,0,6,1,0,456.467,12.025,789.443,275.563,73.302,322.748,117.83,1391.44,1,7.2,0.1039266,0.0091204,0.7635202,48.761,13.625,23.18,11.587,5.291,-7.454,-6.608,-6.898,1998.851,-0.347,4623.096,-1.157,8.781,1.288,1,0.687,1,100,117.83,0,71.955,6,1,21,0,21,4,33,1,0.001,1
mol_72,1,0,0,0,0,5,1,-1,437.423,2.729,734.504,160.135,133.806,322.992,117.57,1301.711,1,7,0.0057232,0.0095302,0.7849601,45.815,13.089,21.106,11.892,4.402,-7.72,-7.302,-6.552,533.352,-0.897,1104.923,-2.368,8.941,1.39,1,0.541,1,100,117.57,0,89.355,6,0,21,0,21,4,32,1,0,1
mol_73,1,0,0,0,0,5,1,-2,437.423,8.304,747.108,152.974,145.072,331.407,117.655,1310.893,1,7,0.0525967,0.0093695,0.7753415,46.262,13.355,21.933,12.056,4.387,-7.944,-7.302,-6.748,417.046,-1.058,847.868,-2.546,8.971,1.456,1,0.56,1,100,117.655,0,89.875,6,0,21,0,21,4,32,1,0,1
mol_74,1,0,0,0,1,5,1,-2,455.439,15.131,756.922,141.347,174.129,323.65,117.796,1337.239,2,7,0.1712022,0.0130786,0.7755085,47.243,13.984,25.497,16.369,3.588,-5.901,-5.978,-5.334,113.861,-1.379,427.822,-3.109,8.638,1.195,2,0.291,3,84.761,117.796,36.213,115.583,7,0,21,0,21,4,33,1,0,1
mol_75,0,0,0,0,0,5,1,-1,429.401,10.359,715.112,170.142,117,310.161,117.81,1257.001,2,8.2,0.0853637,0.0162164,0.7876764,43.903,12.668,23.527,14.29,3.625,-5.992,-5.639,-6.447,769.825,-0.706,1647.852,-2.103,8.717,1.39,2,0.195,3,100,117.81,0,93.567,7,0,21,0,21,4,31,1,0.003,1
mol_76,0,0,0,0,0,5,1,-1,429.401,7.175,716.065,171.164,127.531,299.531,117.839,1256.03,2,8.2,0.0409925,0.0161948,0.7862232,43.762,12.662,22.898,14.292,3.532,-6.008,-5.639,-6.42,611.684,-0.824,1285.679,-2.335,8.584,1.341,3,0.191,3,100,117.839,0,96.184,7,0,21,0,21,4,31,1,0.002,1
mol_77,0,0,0,0,0,5,1,0,428.413,9.205,717.401,169.803,95.534,334.391,117.673,1265.784,2,7.2,0.0669391,0.0141934,0.7888169,44.486,12.769,22.878,13.329,4.256,-6.357,-6.002,-6.544,1230.138,-0.473,2730.19,-1.622,8.385,1.142,3,0.4,1,100,117.673,0,79.068,6,0,21,0,21,4,31,1,0.004,1
mol_78,0,0,0,0,0,5,1,-1,429.401,2.027,721.147,159.318,126.046,317.768,118.015,1264.94,2,8.2,0.003247,0.0160807,0.7843707,44.293,12.871,22.583,14.418,3.618,-6.094,-5.639,-6.537,631.84,-0.814,1334.5,-2.243,8.696,1.265,4,0.212,3,100,118.015,0,94.307,7,0,21,0,21,4,31,1,0.002,1
mol_79,1,0,0,0,0,4,2,0,431.392,9.899,715.583,168.233,79.052,319.773,148.526,1251.069,1,6.5,0.0783256,0.0090835,0.7846798,44.399,11.994,21.231,11.191,4.789,-6.877,-6.383,-6.541,1763.002,-0.169,5944.897,-1.466,8.594,1.332,3,0.55,1,100,148.526,0,70.433,6,0,21,0,21,4,31,1,0.002,1
mol_80,0,0,0,0,0,6,1,-1,443.428,11.092,745.374,192.189,117.627,317.47,118.087,1315.918,2,8.2,0.0934945,0.015558,0.7791307,45.688,13.319,24.224,14.196,3.985,-6.338,-5.916,-6.62,759.349,-0.8,1629.302,-1.993,8.423,1.164,4,0.295,1,100,118.087,0,91.466,7,0,21,0,21,4,32,1,0.002,1
mol_81,1,0,0,0,0,4,1,0,413.401,11.882,711.695,192.516,78.593,322.446,118.141,1243.04,1,6.5,0.1135865,0.0091331,0.785587,44.103,12.126,21.464,11.186,4.629,-6.676,-6.017,-6.539,1780.737,-0.237,4096.318,-1.448,8.523,1.296,3,0.529,1,100,118.141,0,70.609,6,0,21,0,21,4,30,1,0.003,1
mol_82,1,0,0,0,0,4,1,0,412.414,11.513,713.844,192.278,64.207,339.602,117.758,1251.393,1,5.5,0.1059271,0.0077048,0.786727,44.602,12.225,20.955,10.225,5.225,-7.095,-6.401,-6.603,2437.97,-0.08,5724.766,-1.122,8.54,1.277,2,0.759,1,100,117.758,0,60.493,5,1,21,0,21,4,30,1,0.002,1
mol_83,1,0,0,0,0,6,1,0,412.414,11.566,692.105,210.375,57.117,307.025,117.587,1237.827,2,5,0.1080611,0.0102168,0.8055634,42.463,12,21.343,10.434,5.202,-6.468,-6.285,-6.142,2846.146,-0.096,6752.927,-0.915,8.456,0.979,0,0.693,1,100,117.587,0,66.575,5,1,19,3,16,3,30,1,0.017,1
mol_84,2,0,0,0,0,6,1,0,426.44,12.063,749.743,235.327,69.833,327.011,117.572,1313.425,2,5,0.1107935,0.0094313,0.7736114,45.68,13.053,22.479,10.795,5.596,-7.482,-6.505,-6.755,2156.111,-0.288,5001.106,-1.079,8.664,1.221,0,0.878,1,100,117.572,0,70.565,5,1,20,4,16,4,31,1,0.001,1
mol_85,2,0,0,0,0,6,1,0,426.44,11.78,750.857,237.581,51.589,326.011,135.676,1318.78,2,5,0.1052318,0.0094173,0.7745621,45.884,12.848,22.478,10.673,5.824,-7.581,-6.505,-6.735,3211.289,-0.038,9665.915,-0.746,8.486,0.985,0,0.893,1,100,135.676,0,65.844,5,1,20,4,16,4,31,1,0.002,1
mol_86,1,0,0,0,0,4,2,0,431.392,3.202,716.573,169.545,86.109,313.107,147.812,1250.052,1,6.5,0.0081997,0.009071,0.7831717,44.295,11.996,20.246,11.196,4.722,-6.891,-6.383,-6.534,1511.232,-0.251,4987.668,-1.619,8.715,1.601,3,0.547,1,100,147.812,0,72.427,6,0,21,0,21,4,31,1,0.001,1
mol_87,2,0,0,0,0,4,1,1,476.473,5.22,800.408,308.319,54.944,290.365,146.779,1426.003,1,5,0.0191084,0.0062468,0.7654803,51.119,13.397,21.742,9.553,6.66,-8.978,-7.923,-6.712,2984.467,0.057,10000,-1.125,8.661,1.356,2,1.336,1,100,146.779,0,63.518,6,1,21,0,21,4,34,1,0,1
mol_88,1,0,0,0,0,4,1,0,413.401,10.096,712.568,193.718,84.397,316.636,117.816,1242.337,1,6.5,0.0820474,0.0091219,0.7843292,44.02,12.125,21.014,11.188,4.575,-6.69,-6.017,-6.532,1568.768,-0.303,3557.304,-1.575,8.558,1.498,3,0.527,1,100,117.816,0,73.072,6,0,21,0,21,4,30,1,0.002,1
mol_89,0,1,0,0,0,6,1,1,469.509,12.013,808.126,288.967,81.587,320.041,117.531,1449.479,1,7.5,0.0995685,0.0092807,0.7664675,51.058,14.2,24.154,11.966,4.942,-6.446,-5.702,-7.563,416.019,-0.037,934.049,-3.382,8.779,1.174,1,0.783,1,100,117.531,0,69.927,6,0,21,0,21,4,34,1,0,1
mol_90,1,0,0,0,0,6,1,-1,442.44,9.352,745.579,183.175,120.196,324.746,117.462,1316.661,2,7.2,0.0664198,0.013657,0.7792093,45.787,13.4,23.369,13.279,4.381,-6.673,-6.281,-6.653,717.932,-0.83,1521.418,-2.015,8.764,1.302,1,0.482,1,100,117.462,0,84.683,6,0,21,0,21,4,32,1,0.001,1
mol_91,1,0,0,0,0,6,1,-1,442.44,8.884,746.119,188.765,116.541,323.611,117.202,1320.853,2,7.2,0.0597517,0.0136471,0.7802968,45.944,13.403,23.318,13.247,4.431,-6.681,-6.281,-6.63,777.577,-0.787,1653.059,-1.951,8.767,1.311,1,0.494,1,100,117.202,0,84.585,6,0,21,0,21,4,32,1,0.001,1
mol_92,0,0,0,0,0,6,1,-1,442.44,7.107,733.552,181.759,120.156,313.975,117.661,1310.843,2,7.2,0.038536,0.0138809,0.7896506,45.452,13.226,22.9,13.176,4.342,-6.468,-6.281,-6.433,718.551,-0.794,1526.673,-2.052,8.83,1.353,1,0.475,1,100,117.661,0,84.918,6,0,21,0,21,4,32,1,0.001,1
mol_93,2,0,0,0,0,4,1,0,426.44,9.367,726.492,213.574,71.174,323.868,117.875,1288.759,1,5.5,0.0680844,0.0075706,0.7883432,45.947,12.516,20.935,10.196,5.397,-7.322,-6.683,-6.501,2093.891,-0.152,4863.897,-1.306,8.697,1.229,0,0.862,1,100,117.875,0,62.332,5,1,22,0,22,5,31,1,0.001,1
mol_94,1,0,0,0,0,4,1,0,413.401,9.001,708.819,190.942,80.058,319.785,118.034,1240.756,1,6.5,0.0652941,0.0091702,0.7878085,43.987,12.09,20.773,11.171,4.602,-6.624,-6.017,-6.491,1724.697,-0.248,3951.829,-1.484,8.648,1.41,3,0.524,1,100,118.034,0,70.774,6,0,21,0,21,4,30,1,0.003,1
mol_95,2,0,0,0,0,5,1,0,398.387,11.403,691.411,157.896,65.152,350.782,117.581,1205.643,1,4.5,0.1078573,0.0065084,0.792333,42.235,11.855,19.615,9.048,5.366,-6.911,-6.282,-6.565,2388.185,-0.141,5586.082,-1.004,8.794,1.284,0,0.799,1,100,117.581,0,59.17,5,1,20,4,16,3,29,1,0.005,1
mol_96,1,0,0,0,0,2,1,1,397.399,7.765,698.037,190.69,59.579,329.932,117.835,1221.8,0,5,0.049352,0,0.7918081,44.609,11.597,18.502,8.574,5.255,-7.015,-6.193,-6.474,2697.182,0.099,6391.675,-1.263,9.137,1.573,1,0.742,1,100,117.835,0,51.852,4,1,21,0,21,4,29,1,0.002,1
mol_97,2,0,0,0,0,3,1,1,412.414,4.419,716.546,197.244,61.276,339.99,118.036,1252.981,1,5,0.0155815,0.0069779,0.7844242,45.311,12.228,19.706,9.942,5.469,-7.5,-6.603,-6.642,2599.053,0.008,6156.252,-1.163,8.561,1.19,0,0.908,1,100,118.036,0,58.444,5,1,21,0,21,4,30,1,0.001,1
mol_98,0,0,0,0,0,5,0,0,323.409,5.936,618.764,110.878,83.683,423.486,0.716,1059.843,1,4.5,0.0332451,0.0072726,0.8124579,37.095,11.824,16.468,9.452,3.96,-5.101,-4.948,-6.586,1593.419,-0.581,825.978,-1.09,8.497,0.844,1,0.409,3,100,0,0,50.046,3,0,16,0,16,0,23,0,0.208,1
mol_108,0,0,0,0,0,7,0,-1,337.374,6.727,600.202,122.048,107.914,370.239,0,1071.21,2,5.95,0.0422412,0.0140196,0.8435628,35.757,11.994,18.439,11.662,3.095,-3.934,-4.757,-5.829,938.75,-0.869,462.04,-1.532,8.251,0.522,7,0.077,3,100,0,0,74.058,5,0,18,0,18,0,25,1,1.153,1
mol_109,0,0,0,0,0,7,0,-2,323.348,5.114,582.233,64.299,138.698,379.235,0,1028.476,3,5.95,0.0254337,0.0177003,0.8463136,34.133,12.101,19.259,13.354,2.477,-3.56,-4.423,-5.827,479.319,-1.149,223.431,-2.068,8.052,0.606,7,-0.072,3,89.426,0,0,87.689,5,0,18,0,18,0,24,1,0.762,1
mol_110,0,1,0,0,0,6,0,0,349.385,4.934,619.378,107.945,137.568,373.865,0,1106.487,2,6.95,0.022004,0.0158688,0.8352949,37.845,12.55,19.6,13.14,2.192,-2.902,-3.628,-6.706,122.531,-0.714,56.589,-4.224,9.103,0.458,7,0.035,2,77.156,0,0,83.401,5,0,21,0,21,2,26,1,0.026,1
mol_111,2,0,0,0,0,3,0,2,313.706,3.413,539.951,41.873,41.182,269.661,187.235,909.592,0,1.5,0.0128095,0,0.8408296,30.897,8.534,11.544,4.014,5.301,-5.893,-5.758,-5.394,4030.656,0.454,10000,-1.041,8.449,0.834,4,0.73,3,100,115.295,0,35.662,2,1,12,0,12,0,21,1,0.029,1
mol_112,0,0,0,0,0,7,0,-2,342.326,8.714,573.577,54.299,138.956,357.958,22.364,1036.354,3,6.45,0.0732717,0.0194773,0.8634657,34.245,11.932,20.361,13.69,2.422,-3.409,-4.613,-5.448,476.624,-1.046,294.446,-2.147,8.456,0.389,6,-0.106,3,89.062,22.364,0,99.171,6,0,18,0,18,0,25,0,0.95,1
mol_113,0,0,0,0,0,7,0,-2,403.231,4.537,628.044,59.877,146.93,343.983,77.254,1086.819,3,6.45,0.0189424,0.0177881,0.8139782,36.131,12.969,20.405,13.8,2.814,-4.512,-5.785,-6.182,400.46,-1.147,487.487,-2.344,8.451,0.425,5,-0.032,3,90.005,0,0,97.769,6,0,18,0,18,0,25,0,0.056,1
mol_114,0,0,0,0,0,8,0,-2,367.36,3.387,636.178,60.427,268.711,307.041,0,1115.237,5,9.45,0.0102876,0.0332153,0.8175191,36.273,13.755,25.012,20.033,0.442,-3.335,-3.951,-5.949,28.036,-2.599,10.388,-4.622,8.301,0.606,8,-0.495,2,55.447,0,0,151.498,8,0,18,0,18,0,27,1,0.004,1
mol_115,0,0,0,0,0,7,0,-2,324.335,8.364,598.315,58.642,152.534,387.14,0,1034.327,3,6.95,0.067634,0.0201194,0.8266848,34.442,12.268,20.5,14.525,2.049,-3.583,-4.109,-6.183,354.342,-1.346,161.187,-2.295,8.032,0.47,8,-0.217,2,84.572,0,0,100.239,6,0,18,0,18,0,24,1,0.43,1
mol_116,0,0,0,0,0,7,0,-2,341.338,8.057,571.494,52.474,137.331,360.107,21.582,1040.421,3,5.95,0.0623863,0.0180329,0.8688789,34.428,11.996,20.017,13.196,2.639,-3.484,-4.764,-5.371,493.842,-1.018,302.957,-2.11,8.172,0.511,7,-0.023,3,90.607,21.582,0,89.951,5,0,18,0,18,0,25,1,0.87,1
mol_117,1,0,0,0,0,7,0,-2,373.407,6.296,643.477,54.589,138.221,450.667,0,1168.967,3,5.95,0.0339114,0.0160156,0.834001,40.437,13.909,21.695,13.984,3.406,-4.552,-5.621,-6.367,484.339,-1.183,225.961,-1.807,8.146,0.837,6,0.263,3,94.945,0,0,90.051,5,0,22,0,22,0,28,0,0.163,1
mol_118,0,0,0,0,0,8,0,-2,365.428,5.811,672.709,222.255,147.059,303.395,0,1203.221,3,5.95,0.02806,0.0153197,0.8132707,39.76,13.26,21.078,12.892,3.365,-4.874,-5.226,-6,399.337,-1.401,183.42,-2.393,8.113,0.618,7,0.29,3,93.205,0,0,89.893,5,0,18,0,18,0,27,1,0.02,1
mol_119,0,0,0,0,0,7,0,-2,342.326,8.768,594.284,60.819,157.276,329.32,46.867,1039.029,3,6.95,0.0739925,0.0202559,0.8348136,34.078,11.651,20.652,14.171,2.164,-3.725,-4.443,-5.775,319.483,-1.248,260.29,-2.586,8.31,0.601,8,-0.198,2,84.44,46.867,0,98.659,6,0,18,0,18,0,25,1,0.167,1
mol_120,0,0,0,0,0,7,0,-2,337.374,3.576,620.342,145.923,147.541,326.878,0,1091.881,3,5.95,0.0117103,0.0166129,0.8266427,36.17,12.367,19.69,13.149,2.72,-4.173,-4.688,-5.896,395.16,-1.298,181.347,-2.415,8.262,0.723,7,0.065,3,89.348,0,0,89.891,5,0,18,0,18,0,25,1,0.087,1
mol_121,0,0,0,0,0,7,0,-2,341.338,4.175,590.522,56.388,143.154,344.163,46.816,1045.769,3,5.95,0.0166703,0.0174519,0.8437615,34.49,11.74,19.457,13.182,2.685,-3.896,-4.764,-5.701,434.879,-1.084,363.019,-2.273,8.194,0.685,6,-0.032,3,89.891,46.816,0,87.988,5,0,18,0,18,0,25,0,0.231,1
mol_122,0,1,0,0,0,7,0,-1,289.33,6.502,558.28,212.848,133.798,211.634,0,964.457,3,6.45,0.0438354,0.020011,0.8456069,29.97,10.262,18.008,12.615,1.164,-2.058,-2.226,-5.766,133.042,-0.707,61.854,-4.63,9.049,0.349,5,-0.291,3,71.775,0,0,87.017,5,0,12,0,12,0,21,0,0.094,1
mol_123,0,1,0,0,0,8,0,-1,337.374,6.402,565.32,78.171,141.961,345.188,0,1039.855,3,6.45,0.0394204,0.0197618,0.87805,33.621,12.091,19.577,13.375,1.81,-1.801,-3.471,-5.878,111.322,-0.748,51.015,-4.214,9.103,0.295,6,-0.126,3,74.171,0,0,88.174,5,0,18,0,18,0,25,0,0.325,1
mol_124,0,0,0,0,0,7,0,-1,402.244,5.027,608.374,64.451,138.112,328.556,77.255,1080.479,3,5.95,0.0233872,0.0169397,0.8370254,35.73,12.761,20.071,13.095,3.022,-4.316,-5.945,-5.736,485.499,-0.983,600.291,-2.235,8.144,0.679,6,0.046,3,92.717,0,0,87.462,5,0,18,0,18,0,25,0,0.113,1
mol_125,0,0,0,0,0,8,0,-2,366.373,3.103,623.804,56.075,248.913,318.817,0,1118.942,5,8.45,0.0086059,0.0302896,0.8355809,36.534,13.747,24.531,18.964,0.975,-3.331,-4.248,-5.713,43.198,-2.295,16.575,-4.216,8.23,0.652,7,-0.344,2,61.924,0,0,142.875,7,0,18,0,18,0,27,1,0.01,1
mol_126,0,0,0,0,0,7,0,-2,363.372,10.112,619.335,53.7,170.342,395.293,0,1112.182,4,6.95,0.0919307,0.0224434,0.8382182,37.636,13.444,23.57,16.217,2.246,-3.812,-4.939,-6.035,240.187,-1.475,105.876,-2.594,8.287,0.428,4,-0.075,3,82.705,0,0,114.951,7,0,21,0,21,0,27,0,0.143,1
mol_127,0,0,0,0,0,8,0,-2,366.373,4.81,636.885,57.464,259.371,320.05,0,1121.856,5,8.45,0.0206197,0.0296675,0.8198398,36.662,13.845,24.736,19.075,0.895,-3.517,-4.248,-5.973,34.378,-2.491,12.949,-4.404,8.371,0.718,7,-0.363,2,59.683,0,0,142.548,7,0,18,0,18,0,27,1,0.004,1
mol_128,0,0,0,0,0,7,0,-2,330.358,6.124,555.865,52.679,167.264,312.849,23.074,988.571,3,6.95,0.0379349,0.0216559,0.8633774,31.902,11.669,19.382,14.026,1.718,-3.033,-4.16,-5.235,256.883,-1.298,152.315,-2.828,8.33,0.589,5,-0.284,3,80.132,0,0,102.218,6,0,17,0,17,0,23,0,0.455,1
mol_129,0,0,0,0,0,7,0,-2,341.338,4.316,589.739,52.339,146.483,344.056,46.861,1046.908,3,5.95,0.017795,0.017475,0.8454948,34.534,11.778,19.511,13.202,2.671,-3.884,-4.764,-5.673,404.39,-1.109,335.778,-2.335,8.471,0.556,7,-0.028,3,89.241,46.861,0,89.754,5,0,18,0,18,0,25,1,0.206,1
mol_130,0,0,0,0,0,7,0,-2,324.335,5.062,581.157,54.641,150.56,375.956,0,1023.561,3,6.45,0.0250316,0.0192232,0.8451758,33.905,12.111,19.491,13.902,2.183,-3.43,-4.275,-5.83,369.946,-1.264,168.872,-2.298,8.545,0.708,6,-0.154,3,85.692,0,0,98.158,6,0,18,0,18,0,24,0,0.607,1
mol_131,0,0,0,0,0,7,0,-2,338.362,5.07,614.348,143.976,143.685,326.688,0,1083.763,3,6.45,0.0237185,0.0181847,0.8305645,35.843,12.265,20.003,13.6,2.52,-3.955,-4.538,-5.832,429.869,-1.247,198.623,-2.345,8.456,0.365,7,-0.024,3,88.829,0,0,98.824,6,0,18,0,18,0,25,1,0.17,1
mol_132,6,0,0,0,2,12,1,-2,741.331,13.892,949.442,521.683,108.585,247.935,71.24,2065.352,2,11.5,0.093434,0.0171295,0.8260871,71.164,20.16,34.937,18.074,5.888,-6.555,-9.671,-2.78,562.288,-1.046,1117.023,-1.495,8.052,1.152,6,0.758,1,71.767,0,27.165,138.743,12,3,30,0,30,7,53,1,0.007,1
mol_139,6,0,0,0,2,12,1,-2,741.331,9.646,1015.108,654.379,139.737,170.311,50.681,2111.531,2,11.5,0.0440623,0.0160214,0.7841234,72.271,20.513,34.348,18.238,5.756,-7.451,-9.671,-3.089,262.461,-1.551,413.164,-2.343,8.626,1.008,6,0.844,1,65.067,0,31.622,144.344,12,3,30,0,30,7,53,1,0,1
mol_140,0,0,0,0,0,8,0,0,429.41,10.328,612.836,220.097,117.315,153.562,121.862,1139.475,2,6.95,0.0936111,0.0160382,0.8609098,35.778,10.412,20.042,11.089,3.289,-4.22,-5.888,-4.515,764.541,-0.675,1721.385,-2.373,9.002,0.588,4,0.053,3,100,121.862,0,84.489,6,0,15,0,15,2,29,0,0.11,1
mol_141,0,0,0,0,0,8,1,-1,429.398,5.743,712.644,219.753,104.618,266.4,121.873,1265.269,2,5.7,0.0260663,0.0113114,0.7938664,41.889,12.307,20.477,10.78,4.729,-6.294,-6.496,-6.138,1008.798,-0.726,2323.182,-1.741,8.543,0.801,3,0.548,1,100,121.873,0,84.067,6,0,15,0,15,0,31,1,0.004,1
mol_142,0,0,0,0,0,4,1,0,403.363,3.989,690.181,248.631,78.277,241.403,121.869,1197.402,0,5.5,0.013292,0,0.790124,41.503,10.845,17.078,8.132,4.634,-6.296,-5.793,-6.079,1793.065,-0.214,4325.707,-1.728,9.287,1.217,2,0.453,1,100,121.869,0,74.533,7,0,19,4,15,3,29,1,0.004,1
mol_143,0,0,0,0,0,7,1,0,407.389,9.312,667.267,279.184,83.306,182.92,121.857,1190.856,1,5.45,0.0728084,0.0081676,0.8142763,38.756,10.599,18.289,8.467,4.575,-5.815,-6.088,-5.41,1606.61,-0.397,3841.02,-1.738,9.015,0.532,4,0.489,3,100,121.857,0,65.455,5,0,15,0,15,2,29,1,0.011,1
mol_144,2,0,0,0,0,4,1,0,406.382,3.902,665.817,162.218,79.701,247.204,176.692,1151.745,0,5.5,0.0132207,0,0.798083,39.731,10.824,16.768,8.142,4.543,-6.074,-5.857,-5.978,1738.167,-0.078,8351.832,-1.734,9.385,1.714,3,0.32,3,100,121.867,0,71.099,6,0,19,4,15,3,28,1,0.006,1
mol_145,1,0,0,0,0,4,1,0,429.401,4.269,730.215,316.773,76.94,214.621,121.881,1274.263,0,5.5,0.0142987,0,0.778431,44.323,11.429,17.997,8.038,5.114,-7.055,-6.216,-6.141,1846.192,-0.225,4465.078,-1.797,9.269,1.238,4,0.676,1,100,121.881,0,75.116,7,1,23,8,15,5,31,1,0.001,1
mol_146,1,0,0,0,1,3,0,1,397.784,7.158,630.996,117.819,52.366,266.796,194.015,1108.143,0,4,0.0462347,0,0.8207334,38.816,10.461,16.185,8.944,4.641,-5.458,-5.923,-4.331,1835.759,0.341,10000,-1.257,8.858,0.973,3,0.316,3,100,121.863,29.585,50.905,5,0,15,0,15,0,27,0,0.077,1
mol_147,1,0,0,0,0,4,1,0,412.37,7.83,692.778,182.739,65.002,323.18,121.857,1213.521,0.5,4,0.0505163,0.0040827,0.7942106,42.929,11.59,18.094,7.859,5.689,-7.338,-6.745,-6.403,2395.984,-0.066,5916.449,-1.195,8.931,1.203,3,0.986,1,100,121.857,0,63.836,6,1,19,4,15,3,30,1,0.001,1
mol_148,1,0,0,0,0,6,1,0,426.782,4.635,660.932,122.687,90.608,266.388,181.249,1163.2,2,6.2,0.0184701,0.0132663,0.8093037,39.089,11.624,19.991,11.514,4.229,-5.832,-6.252,-5.888,1369.824,-0.276,6838.321,-1.675,8.827,0.902,4,0.287,3,100,121.848,0,93.083,7,0,15,0,15,0,29,1,0.013,1
mol_149,0,0,0,0,0,6,0,-1,390.321,10.881,643.296,108.468,126.31,286.67,121.847,1110.029,2.5,6.2,0.1066531,0.0152388,0.8059544,37.154,11.198,21.138,12.564,3.37,-5.235,-5.486,-6.039,628.205,-0.795,1391.872,-2.261,8.835,0.936,4,0.126,3,96.759,121.847,0,96.723,7,0,15,0,15,0,28,0,0.012,1
mol_150,0,0,0,0,0,5,1,0,418.375,8.996,686.407,187.087,100.715,276.746,121.858,1208.783,1,5.7,0.0669492,0.0083041,0.7994952,41.654,11.572,19.607,9.957,4.566,-6.386,-6.147,-6.096,1098.541,-0.489,2546.853,-1.921,8.888,0.996,4,0.565,1,100,121.858,0,84.593,7,0,19,4,15,3,30,1,0.002,1
mol_151,1,0,0,0,0,5,1,0,452.82,6.699,720.523,172.112,117.292,259.454,171.666,1260.939,1,5.7,0.0355881,0.0079109,0.783393,43.576,12.462,20.095,10.052,4.944,-7.21,-6.853,-6.274,764.93,-0.591,3228.074,-2.287,8.971,1.142,4,0.7,1,100,121.854,0,85.516,7,0,19,4,15,3,31,1,0,1
mol_152,1,0,0,0,0,5,1,0,355.359,5.351,679.134,369.362,87.012,114.202,108.558,1144.357,1,4.5,0.0250176,0.0066261,0.7790835,37.523,9.822,16.438,7.554,4.509,-6.651,-4.968,-5.651,1481.72,-0.427,2975.828,-2.241,9.053,1.075,2,0.627,1,100,108.558,0,68.84,5,0,12,0,12,6,25,1,0,1
mol_153,0,0,0,0,0,5,1,-1,317.338,7.781,628.459,263.728,135.267,158.848,70.615,1058.18,1,5,0.0572147,0.007956,0.799088,34.501,9.837,16.28,8.544,3.336,-6.396,-5.004,-5.541,516.605,-0.977,590.387,-2.973,9.375,1.158,2,0.3,1,95.038,70.615,0,74.07,4,0,12,0,12,6,23,1,0,1
mol_154,1,0,0,0,0,4,1,1,351.368,6.701,649.87,388.521,45.983,108.64,106.726,1114.615,1,3.25,0.0402842,0.005001,0.7999975,36.922,9.181,15.655,6.156,5.122,-6.743,-5.429,-5.286,3629.496,0.105,7658.11,-1.6,8.645,0.588,2,0.847,1,100,106.726,0,44.534,3,1,15,0,15,8,25,1,0.002,1
schrod_454648_1,1,1,1,0,0,6,0,0,158.246,5.902,416.513,272.398,144.116,0,0,664.964,4,4,0.0523785,0.0192071,0.8845755,16.605,6.25,13.377,10.177,-0.187,-0.133,0.054,-4.126,106.207,-0.628,48.486,-7.725,8.538,-1.175,2,-0.683,2,62.117,0,0,75.784,4,0,0,0,0,0,11,0,0.002,0
schrod_360451_1,1,0,0,1,0,1,0,-1,152.152,4.574,341.13,156.889,167.752,16.489,0,526.824,1,2,0.0397207,0.0058629,0.924744,14.445,4.743,7.393,5.007,1.092,-1.656,-1.778,-1.021,64.373,-0.805,32.444,-4.457,9.618,0.02,2,-0.522,3,65.713,0,0,82.138,4,0,8,0,8,3,11,0,0.117,0
schrod_446924,1,0,0,0,0,2,0,-1,160.178,5,346.883,0,163.956,182.928,0,542.395,4,3,0.0460865,0.0172969,0.92724,16.015,6.768,13.154,11.286,0.02,-1.017,-1.777,-3.582,276.126,-0.828,123.099,-3.705,7.618,0.682,1,-0.684,2,70.753,0,0,76.386,4,0,10,0,10,0,12,0,3.041,0
schrod_639799_5,1,0,0,0,0,2,0,-1,159.19,1.839,355.779,0,126.244,229.535,0,559.351,3,3,0.0060463,0.014605,0.9227989,17.139,6.74,11.425,9.903,0.627,-1.318,-1.844,-3.876,629.112,-0.545,299.778,-2.846,7.041,0.444,3,-0.567,3,80.706,0,0,61.392,3,0,10,0,10,0,12,0,10.925,0
schrod_736305_2,1,0,0,0,0,2,0,-1,160.178,5.396,355.027,0,152.979,202.048,0,550.499,4,3,0.0528896,0.0169001,0.9149734,16.522,6.786,13.378,11.361,0.153,-1.131,-1.777,-3.871,350.913,-0.775,159.501,-3.435,8.027,0.658,0,-0.678,2,73.398,0,0,74.162,4,0,10,0,10,0,12,0,4.345,0
schrod_814786_2,1,0,0,1,0,1,0,-1,162.148,6.736,347.73,0,167.546,180.184,0,538.2,2,3.5,0.0843165,0.0142344,0.9202057,16.463,6.2,11.231,9.077,1.328,-1.431,-1.769,-1.875,64.663,-0.816,32.602,-3.877,9.02,0.691,0,-0.712,3,67.13,0,0,79.216,4,0,9,0,9,0,12,0,0.799,0
schrod_609128_1,0,0,0,1,0,4,1,-2,163.176,5.335,380.317,23.586,176.307,180.425,0,593.221,2.5,3,0.0479748,0.0124723,0.897766,16.741,6.754,11.187,8.795,1.015,-1.445,-1.704,-2.239,53.405,-1.136,26.513,-3.749,8.296,0.737,2,-0.714,3,63.807,0,0,77.977,3,0,6,0,6,0,12,0,1.044,0
schrod_814786_3,1,0,0,1,0,1,0,-1,162.148,6.736,347.73,0,167.546,180.184,0,538.2,2,3.5,0.0843151,0.0142344,0.9202057,16.463,6.2,11.231,9.077,1.328,-1.431,-1.769,-1.875,64.663,-0.816,32.602,-3.877,9.02,0.691,0,-0.712,3,67.13,0,0,79.216,4,0,9,0,9,0,12,0,0.799,0
schrod_750828_3,0,1,0,0,0,3,0,0,161.206,5.867,389.173,91.882,104.642,192.65,0,608.768,3,2.5,0.0565406,0.0111265,0.8925994,18.122,6.57,11.932,8.872,0.61,-0.483,-0.869,-4.915,251.468,-0.094,123.09,-4.544,8.718,0.142,3,-0.483,2,73.483,0,0,55.243,3,0,9,0,9,0,12,0,1.517,0
schrod_385652,1,1,0,0,0,3,0,1,174.245,3.934,413.421,147.424,86.054,179.943,0,668.352,3,1,0.0231533,0.0041896,0.8942167,20.386,6.998,11.353,7.24,1.432,-1.034,-1.426,-4.828,377.358,0.064,190.876,-4.246,8.154,-0.087,4,-0.21,3,81.447,0,0,40.674,2,0,9,0,9,0,13,0,0.914,0
schrod_806512_1,1,1,0,0,0,3,0,1,174.245,1.501,418.82,167.014,92.14,159.665,0,674.323,3,1,0.0033405,0.0041356,0.8879389,20.431,6.909,11.08,7.157,1.393,-1.131,-1.426,-4.833,330.394,0.002,165.333,-4.43,8.159,-0.076,4,-0.195,3,80.189,0,0,41.045,2,0,9,0,9,0,13,0,0.479,0
schrod_803429_1,1,1,0,0,0,3,0,1,178.209,3.692,395.673,78.915,92.133,177.707,46.918,630.459,3,1,0.0216176,0.0043775,0.8986684,18.848,6.359,11.059,7.24,1.438,-0.943,-1.505,-4.745,330.447,0.136,298.85,-4.366,8.446,0.245,3,-0.311,3,80.453,46.918,0,41.041,2,0,9,0,9,0,13,0,0.92,0
schrod_323393_1,0,0,0,0,0,5,0,-1,180.227,5.751,400.23,81.703,148.668,128.21,41.649,615.169,4.5,3,0.0537713,0.0159008,0.874015,16.479,6.968,13.983,11.023,0.483,-1.381,-1.807,-4.182,385.551,-0.933,298.613,-3.328,8.589,0.02,1,-0.753,3,76.062,0,0,73.097,4,0,6,0,6,0,12,0,3.528,0
schrod_128888_3,0,0,0,2,0,2,0,-1,184.191,3.872,369.627,141.317,157.507,70.803,0,607.423,2,4,0.024677,0.0153042,0.938416,17.547,6.279,10.842,8.59,1.413,-1.528,-1.571,0.749,20.392,-0.749,11.911,-3.981,9.775,-0.675,3,-0.802,2,58.657,0,0,89.08,4,0,6,0,6,4,13,1,0.57,0
schrod_759752_3,3,0,0,0,0,1,0,-1,183.212,0.234,389.059,0,112.003,277.056,0,622.875,3,1.5,0.0000882,0.0066778,0.9066018,20.777,7.495,11.819,8.953,1.574,-2.104,-2.777,-4.365,858.565,-0.405,419.534,-2.512,7.645,0.396,1,-0.282,3,88.671,0,0,52.284,3,0,13,0,13,0,14,0,4.434,0
schrod_808519,0,0,0,0,0,2,0,0,187.244,4.742,432.057,163.315,64.076,204.666,0,699.539,1.5,2.5,0.032142,0.0070867,0.8820609,22.512,6.906,10.788,6.805,2.08,-2.876,-2.581,-4.416,2444.929,-0.106,1300.229,-1.787,8.127,0.575,1,-0.075,3,100,0,0,38.997,3,0,10,0,10,0,14,0,4.064,0
schrod_379352,1,0,0,0,0,2,0,-1,188.232,2.652,421.164,89.267,130.677,201.221,0,673.961,3.5,2.5,0.0104358,0.0111051,0.8826808,21.455,7.541,13.353,10.138,1.259,-2.359,-2.458,-4.39,571.073,-0.675,269.999,-3.027,7.63,-0.431,2,-0.344,3,83.656,0,0,66.864,4,0,11,0,11,0,14,0,0.954,0
schrod_479836,0,0,0,0,0,2,0,-2,188.188,4.97,412.553,0,180.568,231.985,0,639.122,3,5.5,0.0386446,0.0230911,0.8697773,20.355,7.518,14.512,12.888,-0.067,-1.933,-1.862,-4.745,192.121,-1.148,83.172,-3.838,8.825,1.196,2,-0.636,3,67.424,0,0,90.042,5,0,12,0,12,0,14,0,0.319,0
schrod_350752_1,0,0,0,1,0,5,1,-1,189.213,2.116,435.615,96.525,131.338,207.751,0,699.263,1,3.5,0.0064025,0.0080346,0.8746274,20.604,7.229,9.8,6.883,2.107,-2.33,-2.075,-2.744,142.568,-0.882,76.627,-2.728,9.281,1.232,3,-0.498,3,77.835,0,0,62.38,3,0,6,0,6,0,14,0,2.098,0
schrod_453706,0,0,0,0,0,3,0,-1,193.251,2.915,431.97,232.267,130.925,68.778,0,697.209,3,4,0.0121842,0.0160386,0.8802792,20.479,6.722,12.867,9.789,0.931,-2.193,-1.914,-3.797,567.988,-0.744,268.423,-3.402,8.953,-0.045,1,-0.414,3,81.692,0,0,72.436,5,0,12,0,12,6,14,0,0.463,0
schrod_766474_1,1,1,0,0,0,3,0,1,192.235,3.69,421.546,147.417,83.673,145.645,44.811,683.603,3,1,0.0199179,0.0041088,0.890271,20.668,6.576,11.555,7.026,1.786,-1.375,-1.786,-4.728,397.489,0.187,355.322,-4.323,8.313,0.177,4,-0.169,3,83.925,44.811,0,40.64,2,0,9,0,9,0,14,0,0.385,0
schrod_378896_1,0,0,0,1,0,2,0,-2,194.208,6.072,377.076,0,195.898,132.032,49.145,592.557,3,4,0.0622181,0.0183735,0.9048091,17.537,7.07,13.272,10.767,0.63,-1.789,-2.139,-1.894,34.817,-1.032,31.036,-4.473,8.776,0.92,1,-0.735,2,58.231,0,0,90.043,4,0,9,0,9,0,13,0,0.106,0
schrod_843865,1,0,0,0,0,3,0,-2,194.193,6.644,393.863,128.882,209.846,55.135,0,628.951,4,4,0.0701766,0.0203116,0.9013586,17.617,6.864,14.526,11.606,-0.236,-1.522,-2.068,-3.391,101.375,-1.339,41.675,-4.905,7.775,0.689,3,-0.612,3,61.466,0,0,106.475,6,0,9,0,9,0,14,0,0.073,0
schrod_268760_3,0,0,0,1,0,2,0,-2,194.208,6.169,381.308,0,193.131,145.404,42.773,598.114,2.5,4.5,0.0636362,0.0186598,0.9003517,17.887,7.004,12.924,10.607,0.596,-1.809,-2.033,-2.03,36.986,-1.04,30.572,-4.375,8.382,1.299,2,-0.748,2,58.501,0,0,91.189,4,0,9,0,9,0,13,0,0.127,0
schrod_620144_1,2,2,0,0,0,4,0,1,194.319,2.476,409.613,307.935,101.677,0,0,700.651,4,2,0.00875,0.0097653,0.931378,19.318,6.715,12.616,8.343,0.368,0.788,0.192,-4.095,66.91,0.338,32.554,-7.135,9.353,-2.929,4,-0.369,2,61.773,0,0,49.298,2,0,10,0,10,10,14,0,0.088,0
schrod_610605_2,0,0,0,1,0,3,0,-2,197.233,5.046,432.792,217.316,179.703,35.773,0,709.93,2,5,0.0358632,0.0163383,0.8892616,20.673,6.807,12.557,9.419,0.931,-2.142,-1.575,-1.687,49.588,-1.132,24.471,-4.417,8.712,-0.095,5,-0.608,3,62.738,0,0,92.679,4,0,6,0,6,3,14,0,0.054,0
schrod_850155_1,2,0,0,0,0,0,0,1,197.239,2.139,427.522,66.817,41.902,318.803,0,695.912,1,1.5,0.0065724,0.0035086,0.8883323,24.741,7.451,10.108,6.144,3.189,-3.557,-3.385,-4.859,3967.715,0.209,2194.328,-1.169,8.56,0.331,0,0.204,3,100,0,0,28.683,3,0,14,0,14,0,15,0,4.404,0
schrod_379874,0,0,1,0,0,2,0,-1,201.23,4.682,429.531,82.399,164.257,182.875,0,691.517,4,4,0.0316969,0.018625,0.8804527,21.983,7.93,15.499,12.471,0.562,-2.192,-2.242,-4.339,274.316,-0.97,122.227,-5.773,8.328,0.924,2,-0.461,3,73.879,0,0,91.564,5,0,10,0,10,0,15,0,0.002,0
schrod_722689_3,0,0,0,1,0,3,0,-2,201.24,4.834,404.55,170.158,167.694,66.111,0.586,648.896,2,4,0.0360103,0.0139831,0.896004,18.52,6.358,11.267,8.491,1.036,-1.898,-2.129,-1.723,64.455,-1.008,32.73,-4.089,8.547,0.379,3,-0.62,3,65.392,0,0,84.526,4,0,6,0,6,0,13,0,0.207,0
schrod_375190_1,0,0,0,1,0,3,0,-2,203.197,5.866,417.193,53.699,177.593,185.901,0,680.309,1,4,0.0505758,0.0095879,0.8966693,20.921,7.376,11.099,7.938,1.415,-2.086,-2.349,-2.283,51.926,-1.09,25.72,-3.85,8.764,0.498,1,-0.534,3,65.933,0,0,90.968,4,0,9,0,9,0,15,0,0.23,0
schrod_640730_2,0,0,0,1,0,2,0,-1,203.197,2.484,418.59,92.696,121.242,204.652,0,674.083,1,3.75,0.0091528,0.0089586,0.8882159,21.493,6.976,10.36,7.66,1.797,-2.599,-2.495,-2.509,177.732,-0.582,97.246,-2.841,8.89,1.117,1,-0.47,3,77.736,0,0,68.899,4,0,10,0,10,0,15,0,1.296,0
schrod_774602_1,1,1,0,0,0,3,0,1,202.299,3.751,474.201,319.453,77.667,77.081,0,785.049,3,1,0.0179188,0.0036526,0.8678942,24.073,7.229,12.314,6.63,2.218,-2.132,-1.988,-4.763,453.193,0.094,232.655,-4.454,8.012,-0.112,6,0.106,3,87.474,0,0,40.07,2,0,9,0,9,0,15,0,0.052,0
schrod_774603_1,1,1,0,0,0,3,0,1,202.299,1.782,454.614,279.793,75.313,99.508,0,762.418,3,1,0.0041644,0.0038099,0.8878058,23.382,7.273,11.956,6.719,2.12,-1.777,-1.988,-4.548,477.101,0.144,245.949,-4.332,7.996,-0.078,7,0.047,3,87.299,0,0,39.944,2,0,9,0,9,0,15,1,0.158,0
schrod_806203_1,2,2,0,0,0,5,1,1,202.296,2.977,439.072,312.312,126.76,0,0,754.336,4,3.5,0.0117449,0.0159427,0.9127241,20.824,7.266,14.055,9.841,0.088,0.561,0.221,-4.397,38.694,0.045,18.01,-7.501,9.452,-2.373,4,-0.389,2,55.877,0,0,67.828,4,0,5,0,5,3,14,0,0.023,0
schrod_477875_3,0,0,0,2,0,2,1,-1,206.198,3.717,410.403,62.575,167.677,180.151,0,677.131,0,2,0.020402,0,0.9086626,21.381,7.106,8.314,4.601,2.821,-2.622,-2.689,-0.254,16.331,-0.911,9.369,-3.783,9.549,-0.143,2,-0.358,2,65.171,0,0,92.807,4,0,9,3,6,3,15,1,0.081,0
schrod_398807_2,1,0,0,0,0,5,0,-2,205.259,4.912,464.279,171.253,144.718,148.307,0,749.042,3.5,4.2,0.0322119,0.0169241,0.8591263,22.028,7.889,14.601,10.99,1.01,-2.288,-2.241,-4.519,420.276,-1.045,193.837,-3.184,7.866,-0.055,4,-0.456,3,79.813,0,0,75.785,4,0,9,0,9,0,15,0,0.692,0
schrod_487577,0,0,0,0,0,3,0,0,207.155,3.993,411.201,129.735,88.43,64.56,128.476,637.51,2,2.5,0.025011,0.0085981,0.8711686,18.049,4.622,10.323,6.524,1.891,-2.776,-2.679,-3.925,1436.557,-0.079,3699.888,-2.634,8.955,0.279,2,-0.324,3,94.525,128.476,0,55.385,4,0,6,0,6,0,14,0,0.715,0
schrod_818247_3,0,0,2,0,0,4,0,-2,205.262,4.453,431.213,107.773,165.313,158.126,0,726.168,5,3.5,0.0273016,0.0181494,0.9060765,21.849,8.547,16.54,12.845,0.675,-2.05,-2.073,-3.806,268.061,-1.02,119.217,-7.75,8.736,0.051,2,-0.517,3,74.357,0,0,98.603,5,0,6,0,6,0,15,0,0,0
schrod_126150,2,0,0,0,0,4,0,-2,208.266,0.38,448.253,232.313,186.828,29.112,0,725.795,5,4.5,0.0001987,0.0224478,0.8713328,20.602,7.524,16.084,13.14,0.076,-1.94,-1.894,-3.753,167.576,-1.318,71.749,-4.476,8.764,-0.597,0,-0.599,3,67.2,0,0,97.306,6,0,12,0,12,6,15,0,0.08,0
schrod_471576_1,1,0,0,0,0,4,0,-2,207.235,9.533,446.017,194.648,187.433,63.936,0,719.276,3,5.5,0.1263468,0.0213586,0.8704508,20.674,7.245,15.527,11.431,0.135,-2.068,-1.972,-3.933,165.377,-1.327,70.732,-4.365,8.515,0.047,0,-0.563,3,67.44,0,0,97.048,6,0,9,0,9,0,15,0,0.076,0
schrod_495506_2,2,0,0,0,0,0,0,1,208.222,0.001,426.196,0,48.817,377.379,0,689.713,0,3,0,0,0.885799,25.052,7.601,9.605,6.599,2.847,-2.723,-3.062,-5.18,3411.711,0.149,1863.932,-1.09,7.803,1.002,1,-0.182,3,100,0,0,32.483,4,0,16,0,16,0,16,0,32.057,0
schrod_694387_2,1,1,0,0,0,5,0,1,208.303,0.562,497.812,321.869,67.993,107.951,0,825.801,2,3.7,0.0003821,0.0105112,0.8550998,24.715,7.494,12.207,7.585,1.891,-1.925,-1.296,-5.118,559.791,0.041,292.331,-3.975,9.03,0.225,4,-0.1,3,87.201,0,0,45.121,3,0,6,0,6,0,15,0,0.261,0
schrod_377199_1,0,0,0,0,0,2,0,-1,210.238,6.007,428.535,0,145.456,283.078,0,694.65,3,4,0.0519397,0.0161672,0.885163,23.065,8.346,14.782,11.558,1.021,-2.329,-2.712,-4.74,413.558,-0.795,190.49,-3.011,8.033,1.32,2,-0.374,3,79.756,0,0,74.58,4,0,14,0,14,0,16,0,0.96,0
schrod_477300,2,0,0,0,0,3,0,-1,212.294,0.669,456.679,126.765,123.395,206.52,0,771.844,3,2,0.0005796,0.0075854,0.8910597,24.781,8.484,13.359,8.764,2.052,-2.879,-3.155,-4.28,669.498,-0.653,320.631,-2.778,7.895,-0.61,5,-0.029,3,89.538,0,0,52.7,2,0,12,0,12,0,16,0,0.457,0
schrod_495699_3,0,0,0,1,0,2,0,-2,212.223,2.922,414.629,88.187,186.139,138.377,1.927,654.152,2,5.5,0.0130536,0.0187593,0.8789364,20.062,6.921,12.512,10.83,0.513,-1.949,-2.055,-2.343,43.087,-1.159,21.539,-4.271,9.041,0.718,1,-0.756,2,59.203,0,0,91.238,5,0,9,0,9,0,14,0,0.128,0
schrod_748924_2,0,0,0,0,0,1,0,1,212.294,4.511,442.115,209.973,54.103,178.039,0,747.014,1.5,2,0.0272411,0.0055404,0.900566,24.8,7.275,11.245,6.309,2.825,-3.337,-2.903,-3.99,3039.783,0.058,1645.302,-1.793,8.053,0.547,3,0.172,3,100,0,0,33.87,2,0,15,0,10,5,16,0,1.573,0
schrod_616103_1,0,0,0,1,0,4,0,-2,215.267,2.173,430.081,165.401,177.411,86.69,0.579,702.754,2,4,0.006718,0.013153,0.8888265,20.23,7.076,11.501,8.538,1.308,-2.135,-2.381,-1.937,52.133,-1.173,26.02,-4.1,8.519,0.248,2,-0.542,3,65.335,0,0,86.978,4,0,6,0,6,0,14,0,0.125,0
schrod_385494,0,0,0,0,0,1,0,0,215.251,2.689,441.674,235.417,76.801,129.456,0,730.561,1,2.75,0.0098971,0.0062263,0.8881801,23.677,6.719,10.293,6.138,2.084,-2.785,-3.061,-3.959,1851.815,-0.146,962.922,-2.383,8.273,0.621,3,0.046,3,100,0,0,51.628,3,0,13,0,13,3,16,0,0.556,0
schrod_308521_1,0,0,0,0,0,2,0,-1,214.226,3.163,419.392,92.731,149.578,177.082,0,683.291,3,3.25,0.0146409,0.0134222,0.8945727,21.598,7.584,13.222,10.104,1.038,-2.274,-2.921,-4.082,377.961,-0.803,172.831,-3.46,7.908,1.233,2,-0.325,3,79.155,0,0,77.891,5,0,13,0,13,0,16,0,0.395,0
schrod_450548_2,1,1,0,1,0,1,0,0,216.239,0.774,434.96,113.958,137.788,183.214,0,711.759,2,2.5,0.0008424,0.0081284,0.8863489,23.438,7.547,11.787,8.121,-0.142,-2.442,-2.031,-3.163,30.886,-0.268,16.228,-5.38,8.282,0.075,2,-0.205,2,52.775,0,0,76.21,4,0,13,0,13,3,16,0,0.003,0
schrod_484627_1,0,0,1,0,0,2,0,-1,215.257,6.276,447.908,155.498,152.373,140.037,0,739.762,4,4,0.0532376,0.0178608,0.8831563,23.504,8.065,16.211,12.143,0.875,-2.588,-2.476,-4.09,355.588,-0.859,161.8,-5.705,8.526,1.268,3,-0.354,3,77.728,0,0,89.568,5,0,10,0,10,0,16,0,0.001,0
schrod_766473,1,1,0,0,0,4,0,1,216.325,3.925,496.489,309.115,76.242,111.132,0,834.517,3,1,0.018462,0.0034886,0.8634004,25.736,7.935,12.914,6.685,2.583,-2.375,-2.273,-4.998,467.516,0.039,240.613,-4.212,8.081,-0.086,6,0.2,3,89.854,0,0,39.407,2,0,9,0,9,0,16,0,0.056,0
schrod_803449_1,1,1,0,0,0,6,0,0,216.325,3.314,515.54,275.205,92.117,148.219,0,852.649,3,1,0.0128814,0.0033597,0.8434956,25.532,8.393,12.783,6.65,2.629,-2.398,-2.273,-5.497,330.567,-0.263,165.427,-4.182,8.165,-0.092,4,0.162,3,87.43,0,0,41.044,2,0,9,0,9,0,16,0,0.057,0
schrod_390828_3,0,0,0,1,0,4,0,-2,217.199,9.939,409.847,106.562,224.547,56.83,21.908,655.223,1,4.5,0.1507693,0.0109797,0.890162,18.042,6.634,11.816,7.642,0.677,-1.768,-2.2,-1.773,18.626,-1.513,11.195,-5.074,9.655,1.421,1,-0.723,2,53.643,0,0,111.764,7,0,5,0,5,0,14,1,0.031,0
schrod_818868_1,0,0,0,1,0,2,0,-1,218.215,4.234,452.797,92.168,151.631,208.998,0,735.75,1,5.5,0.0243642,0.0121467,0.8704597,24.002,7.734,12.513,9.703,1.408,-2.626,-2.228,-2.817,91.535,-0.891,47.466,-3.386,9.406,0.804,1,-0.621,3,70.297,0,0,94.607,6,0,11,0,11,0,16,0,0.353,0
schrod_380364_2,0,0,0,1,0,7,0,-2,221.299,3.627,532.852,295.968,127.627,109.257,0,874.781,1,3,0.0150398,0.0056301,0.8301538,25.403,8.086,10.98,5.488,3.082,-3.626,-2.867,-2.994,154.601,-1.093,83.642,-2.815,10.154,0.787,2,-0.044,3,84.176,0,0,62.534,3,0,6,0,6,0,16,0,0.058,0
schrod_383981_3,0,0,0,2,0,5,0,-2,222.24,3.367,467.866,144.157,190.994,132.715,0,772.496,2,4,0.014679,0.0120907,0.8702437,22.818,8.079,12.585,8.813,2.188,-2.58,-2.509,-0.65,9.815,-1.419,5.404,-4.092,9.546,-0.05,4,-0.589,2,57.511,0,0,98.096,4,0,6,0,6,0,16,1,0.047,0
schrod_385088_2,0,0,0,2,0,5,0,-2,222.24,2.291,452.9,96.703,180.228,175.969,0,757.405,2,4,0.0069298,0.0124903,0.8872539,22.627,8.269,12.471,8.998,2.233,-2.337,-2.509,-0.581,12.417,-1.264,6.967,-3.741,9.723,-0.031,4,-0.616,2,59.599,0,0,95.904,4,0,6,0,6,0,16,1,0.186,0
schrod_9841_3,0,0,0,0,0,5,0,-2,220.277,5.06,460.444,251.76,153.468,55.215,0,761.982,5,4,0.0335987,0.0194253,0.8762304,21.657,7.881,16.503,12.407,0.683,-1.968,-2.401,-3.798,347.185,-1.07,157.671,-3.673,7.944,-0.344,3,-0.534,3,76.416,0,0,89.659,6,0,9,0,9,0,16,0,0.503,0
schrod_461334_2,0,0,0,1,0,3,0,-2,223.246,6.268,407.516,0,181.091,225.189,1.236,664.073,2.5,5,0.0591531,0.0193997,0.9032991,20.646,7.914,13.941,11.388,0.834,-1.774,-2.448,-2.363,48.108,-1.094,24.054,-3.776,8.094,1.03,1,-0.701,3,61.938,0,0,85.584,4,0,10,0,10,0,15,0,0.63,0
schrod_457301_3,0,0,0,1,0,4,0,-1,222.261,6.248,446.366,74.158,149.709,187.21,35.29,722.607,2,4,0.0540315,0.0126731,0.8724526,21.984,7.919,12.924,9.084,1.857,-2.548,-2.689,-2.681,95.458,-0.902,77.518,-3.235,8.877,0.619,2,-0.505,3,73.254,0,0,79.198,4,0,9,0,9,0,15,0,0.367,0
schrod_385992_1,0,0,1,0,0,7,0,-2,222.289,3.679,504.233,161.528,194.197,148.507,0,819.855,6,4.7,0.0165092,0.0228319,0.8401527,23.58,9.442,18.967,15.137,0.372,-2.045,-2.008,-4.827,142.668,-1.693,60.294,-5.966,8.205,-0.323,5,-0.675,2,54.725,0,0,104.042,5,1,6,0,6,0,16,0,0.002,0
schrod_810240_1,0,0,0,1,0,3,0,-1,224.231,7.844,402.058,0,162.009,238.214,1.835,654.128,1,3.75,0.0940605,0.009327,0.9063954,20.373,7.458,11.403,7.906,1.539,-2.184,-2.899,-2.375,72.974,-0.928,38.024,-3.378,9.055,1.325,1,-0.555,3,69.302,0,0,77.903,4,0,10,0,10,0,15,0,1.121,0
schrod_387781_1,0,0,0,1,0,5,0,-2,222.2,2.625,434.352,31.2,211.932,191.219,0,701.624,3,5.9,0.0098209,0.0235273,0.879144,20.541,8.194,14.413,12.609,0.416,-1.692,-2.105,-2.592,24.533,-1.566,11.436,-4.272,8.808,0.293,2,-0.831,2,54.255,0,0,117.867,6,0,9,0,9,0,16,0,0.242,0
schrod_621088_3,2,2,0,0,0,4,0,2,222.373,0.933,452.322,368.485,83.837,0,0,793.51,4,2,0.0010967,0.0088433,0.9164007,23.034,7.374,13.712,8.324,1.056,0.071,-0.34,-4.337,98.781,0.454,49.598,-6.806,9.203,-2.957,4,-0.139,2,68.832,0,0,45.819,2,0,10,0,10,10,16,0,0.041,0
schrod_346246_2,1,0,0,0,0,2,0,-1,224.265,4.876,462.698,0,144.969,317.729,0,754.465,4,3.5,0.031516,0.0151287,0.8662176,25.79,9.301,16.653,12.845,1.353,-2.733,-3.053,-5.212,417.982,-0.845,192.693,-2.88,7.845,0.122,4,-0.296,3,81.781,0,0,76.295,4,0,15,0,15,0,17,0,0.547,0
schrod_394376_1,0,0,0,1,0,1,0,-1,226.234,5.651,452.722,87.143,137.661,227.918,0,741.258,2,3,0.0430759,0.0093714,0.8749423,25.046,8.084,13.246,8.959,2.316,-3.136,-3.313,-2.835,124.183,-0.696,66.005,-3.158,8.54,0.695,1,-0.199,3,77.985,0,0,74.948,4,0,13,0,13,0,17,0,0.1,0
schrod_604401_2,1,0,0,0,0,1,0,1,227.308,4.406,484.25,342.355,51.216,90.679,0,816.419,1.5,2.5,0.023782,0.0063229,0.8723765,26.743,7.143,11.933,6.289,2.986,-3.952,-3.412,-4.03,3237.548,0.055,1761.3,-2.048,7.654,0.326,5,0.274,3,100,0,0,36.343,3,0,13,0,13,2,17,0,0.228,0
schrod_806464_1,1,0,0,0,0,4,0,-1,227.308,1.256,493.222,162.417,116.831,213.974,0,823.459,4,2.5,0.0019171,0.0101374,0.8614244,26.276,9.051,15.501,10.595,2.142,-3.01,-3.175,-4.795,772.669,-0.727,374.356,-2.535,6.962,-0.478,6,-0.13,3,91.177,0,0,61.726,3,0,12,0,12,0,17,0,0.647,0
schrod_396681,0,0,0,0,0,3,0,0,229.321,7.112,513.532,333,43.067,137.465,0,866.449,1,2.5,0.058372,0.0048683,0.8559073,27.908,7.715,12.019,5.448,3.443,-4.148,-3.444,-4.519,3868.041,-0.009,2134.805,-1.541,8.273,0.332,5,0.364,3,100,0,0,37.143,2,0,10,0,10,0,17,0,0.383,0
schrod_808558_3,1,0,0,0,0,1,0,1,227.308,4.406,484.25,342.355,51.216,90.679,0,816.419,1.5,2.5,0.0237825,0.0063229,0.8723765,26.743,7.143,11.933,6.289,2.986,-3.952,-3.412,-4.03,3237.548,0.055,1761.3,-2.048,7.654,0.326,5,0.274,3,100,0,0,36.343,3,0,13,0,13,2,17,0,0.228,0
schrod_758649,0,0,1,0,0,2,0,-1,230.269,4.727,455.88,187.428,162.918,105.533,0,756.705,4,4,0.0295347,0.0175485,0.8809122,23.853,8.054,16.002,12,0.859,-2.584,-2.656,-3.962,282.452,-0.957,126.15,-6.021,8.637,0.529,4,-0.318,3,75.841,0,0,92.875,5,0,13,0,13,4,17,0,0.001,0
schrod_718815_2,0,0,0,1,0,3,0,-2,231.251,6.697,464.377,112.065,176.783,175.529,0,770.926,2,4.5,0.0581825,0.0137043,0.8755946,24.448,8.3,14.102,9.933,1.639,-2.739,-2.759,-2.575,52.853,-1.155,26.217,-3.871,8.977,0.838,3,-0.411,3,67.382,0,0,92.137,4,0,10,0,10,0,17,0,0.057,0
schrod_616828_1,1,0,0,1,0,2,1,-1,232.294,7.235,410.138,259.502,149.484,0,1.152,708.222,0,5,0.0739029,0,0.9368755,20.905,6.276,10.192,6.207,0.966,-1.051,-1.718,-0.746,95.928,-0.69,50.664,-4.082,10.816,0.5,2,-0.91,2,68.075,0,0,83.78,4,0,7,0,7,6,15,0,1.709,0
schrod_256722_1,1,0,0,1,0,1,0,-1,232.189,8.69,426.544,168.862,168.422,13.903,75.358,690.45,2,5,0.1093692,0.0165776,0.8857057,20.968,5.854,14.007,9.646,1.154,-2.702,-2.365,-1.64,63.439,-0.743,82.62,-4.479,9.207,0.219,0,-0.569,3,65.961,75.358,0,94.122,6,0,9,0,9,3,16,0,0.015,0
schrod_374058,0,0,0,0,0,2,0,-1,232.238,9.372,448.274,160.09,163.149,125.034,0,739.801,2,2.7,0.1187244,0.008518,0.8824667,23.363,7.576,13.477,7.906,1.602,-3.021,-3.264,-4.03,281.033,-0.954,125.465,-3.894,8.938,0.958,3,-0.042,3,80.154,0,0,80.629,5,0,13,0,13,4,17,0,0.028,0
schrod_707143,0,0,0,0,0,4,0,-2,232.285,5.395,435.095,243.899,177.504,13.692,0,767.184,3,3.5,0.0379393,0.013933,0.9314951,22.111,7.769,13.766,9.026,1.102,-3.166,-3.879,-2.706,205.414,-1.041,89.41,-4.359,8.544,-0.131,2,-0.211,3,74.787,0,0,89.061,5,0,9,0,9,1,17,0,0.007,0
schrod_806699_3,0,1,0,0,0,1,0,1,230.309,2.733,469.986,275.116,65.819,129.05,0,800.28,1.5,3.5,0.0093325,0.0091207,0.8869688,26.464,7.447,12.348,7.6,1.935,-2.218,-2.025,-4.703,586.999,0.344,307.719,-4.245,7.947,0.017,6,0.081,3,87.829,0,0,40.295,3,0,13,0,13,3,17,0,0.079,0
schrod_41142_1,0,0,0,0,0,5,0,-2,233.29,4.265,445.448,0,198.342,210.865,36.242,732.597,5.5,4,0.0248257,0.0210593,0.8822893,21.968,9.405,17.884,14.48,0.424,-1.804,-2.744,-4.442,130.324,-1.348,86.363,-3.952,8.128,0.357,2,-0.641,2,54.323,0,0,98.916,5,1,12,0,12,0,16,0,0.409,0
schrod_306216_2,0,0,0,1,0,1,0,-1,235.669,3.847,448.493,148.087,105.086,133.448,61.872,738.929,1,3,0.0200332,0.0066891,0.8813419,24.05,7.418,11.136,6.642,3.02,-3.735,-3.392,-2.281,252.91,-0.247,310.742,-2.89,8.983,1.255,2,-0.138,3,87.637,0,0,59.205,3,0,10,0,10,0,16,0,0.092,0
schrod_606075_1,0,1,0,0,0,7,0,0,234.297,1.274,487.516,256.657,77.586,153.273,0,825.678,3,3.95,0.0019653,0.0140336,0.8730722,23.859,8.208,13.623,9.203,1.669,-2.838,-1.806,-5.043,454.001,-0.138,233.103,-3.8,8.031,-0.078,4,-0.285,3,84.272,0,0,57.225,4,0,9,0,9,0,17,0,2.205,0
schrod_225859,1,0,0,0,0,3,0,-2,236.276,3.395,474.169,0,157.483,316.686,0,782.541,4,3,0.0147277,0.0126537,0.8661044,26.261,9.671,16.349,12.237,1.582,-2.802,-3.457,-5.209,318.045,-1.017,143.417,-3.018,8.049,0.71,0,-0.231,3,80.998,0,0,74.186,4,0,16,0,16,0,18,0,0.357,0
schrod_453176_3,0,0,0,1,0,3,0,-1,236.288,4.767,479.798,187.997,150.213,103.262,38.325,780.864,2,3.5,0.0290994,0.0103163,0.8547198,24.156,7.846,12.948,8.326,2.286,-3.383,-3.109,-2.568,94.412,-0.894,79.591,-3.636,8.692,0.668,3,-0.262,3,75.68,0,0,78.05,4,0,9,0,9,0,16,0,0.023,0
schrod_375627,0,0,0,0,0,2,0,-2,238.245,2.347,445.011,0,195.986,249.025,0,742.61,2.5,5,0.0074173,0.0177652,0.8911848,24.659,8.888,14.76,11.962,0.678,-2.478,-2.952,-4.48,137.203,-1.202,57.802,-4.062,8.247,1.157,2,-0.34,3,69.172,0,0,102.988,4,0,14,0,14,0,18,0,0.069,0
schrod_397152,0,0,0,0,0,2,0,-2,238.245,5.154,440.421,0,177.006,263.414,0,737.421,2,4,0.0360159,0.0128442,0.8962747,24.589,8.727,13.801,10.203,1.329,-2.631,-3.287,-4.467,207.657,-1.026,90.466,-3.662,8.232,1.239,2,-0.209,3,76.205,0,0,98.847,4,0,14,0,14,0,18,0,0.123,0
schrod_563378,1,0,0,0,0,2,0,-1,239.276,3.18,492.933,88.218,141.694,263.021,0,808.431,3,4,0.0125099,0.0140551,0.8514112,27.427,9.136,15.643,11.551,1.672,-3.338,-3.29,-5.191,448.972,-0.86,208.18,-3.012,7.892,0.643,7,-0.135,2,84.208,0,0,73.731,4,0,15,0,15,0,18,1,0.107,0
schrod_373364_1,0,0,0,0,0,3,0,-2,239.292,9.51,460.72,188.501,165.215,105.056,1.948,762.621,2,6,0.1185829,0.0184174,0.8761943,23.443,7.654,15.226,10.844,0.553,-2.364,-2.369,-4.036,268.636,-1.047,122.465,-3.906,9.077,0.566,1,-0.471,3,73.659,0,0,81.407,5,0,9,0,9,0,16,0,0.128,0
schrod_805013_1,1,0,0,0,0,0,0,1,239.294,7.424,446.574,0,61.754,330.939,53.881,741.172,1,1.5,0.0743553,0.0033589,0.8869197,26.668,8.512,12.101,6.426,3.429,-4.063,-4.426,-4.94,2572.079,0.172,2710.06,-1.492,8.149,0.742,1,0.329,3,100,0,0,30.775,3,0,17,0,17,0,17,0,0.666,0
schrod_770214_1,0,0,0,1,0,1,0,-1,239.233,7.362,468.43,0,168.099,300.331,0,766.346,2,5,0.0707183,0.0150953,0.8645771,26.741,9,15.543,11.666,1.634,-3.019,-3.047,-3.348,63.888,-0.996,32.18,-3.464,9.042,1.167,2,-0.413,3,68.824,0,0,88.358,5,0,15,0,15,0,18,0,0.079,0
schrod_303171_1,0,0,0,0,0,1,0,1,241.267,7.013,468.984,163.789,64.91,193.375,46.911,781.519,1.5,3,0.0629364,0.0078344,0.8749156,26.327,7.322,13.062,7.552,2.787,-3.756,-3.709,-4.478,2400.828,0.053,2303.847,-1.939,7.953,1.444,5,0.104,3,100,46.911,0,43.32,3,0,14,0,14,0,18,0,0.487,0
schrod_306650_2,0,0,0,1,0,1,0,-1,243.28,5.971,461.589,82.463,118.002,218.821,42.304,760.259,1,3,0.046903,0.0064993,0.8727372,25.719,8.133,12.175,7.335,2.918,-3.668,-3.724,-2.827,190.762,-0.426,178.989,-2.827,8.589,1.634,2,-0.084,3,84.847,0,0,62.218,3,0,13,0,13,0,17,0,0.079,0
schrod_517442_6,0,0,0,1,0,2,0,-1,242.234,6.66,457.169,74.763,151.86,230.546,0,759.22,2,3.5,0.0584308,0.010827,0.8803734,25.147,8.425,13.82,9.356,2.159,-3.001,-3.462,-2.76,91.077,-0.863,47.21,-3.314,8.287,1.093,2,-0.26,3,74.656,0,0,83.748,5,0,13,0,13,0,18,0,0.117,0
schrod_600240_1,0,0,0,1,0,3,0,-1,243.265,4.427,505.094,175.051,135.822,194.221,0,836.624,2,4.5,0.02343,0.0125995,0.8501182,27.256,8.666,14.376,9.88,2.324,-3.4,-3.101,-3.076,129.27,-0.87,68.932,-3.05,8.46,0.541,3,-0.269,3,78.344,0,0,82.194,5,0,12,0,12,0,18,0,0.086,0
schrod_759488_1,1,0,0,1,0,13,0,-2,244.373,3.239,614.643,470.771,143.873,0,0,1023.395,2,3.7,0.0102486,0.0085132,0.7990441,26.455,9.111,12.732,5.883,3.468,-3.859,-2.66,-2.976,108.432,-1.722,57.004,-2.923,11.042,-0.648,1,-0.114,2,83.675,0,0,71.019,3,0,0,0,0,0,17,0,0.04,0
schrod_373871,0,1,0,0,0,1,1,1,244.293,2.52,509.371,236.085,88.127,185.159,0,846.066,2,3.5,0.0075072,0.0097174,0.8493114,28.832,8.358,13.984,8.96,2.021,-2.823,-2.259,-5.579,360.656,0.087,181.761,-4.458,8.343,0.07,3,0.147,3,84.549,0,0,62.677,4,0,13,0,13,3,18,0,0.013,0
schrod_506838_1,1,0,0,0,0,2,0,-1,243.268,5.979,471.455,142.656,150.354,178.446,0,793.783,2,4.5,0.0450365,0.0134985,0.8794121,26.033,8.39,14.398,10.011,1.45,-3.016,-3.221,-4.334,371.616,-0.853,169.696,-3.47,8.95,1.023,0,-0.15,3,81.433,0,0,81.977,6,0,14,0,14,0,18,0,0.08,0
schrod_864012_1,0,0,0,1,0,4,0,-1,245.277,6.518,485.393,186.223,124.978,174.192,0,829.002,1,3,0.0512464,0.0061806,0.8792414,26.118,8.305,12.056,6.459,2.818,-3.487,-3.524,-2.509,163.806,-0.755,89.037,-2.825,8.778,0.866,1,-0.026,3,83.08,0,0,83.788,4,0,9,0,9,0,18,0,0.143,0
schrod_236031,0,0,0,0,0,5,0,-2,246.268,6.42,517.28,165.18,149.072,203.028,0,850.453,1,4,0.0484627,0.0077328,0.8392138,26.61,8.685,12.751,7.661,2.145,-3.483,-3.179,-5.102,382.162,-1.149,174.908,-3.072,8.79,0.66,3,-0.045,3,85.72,0,0,102.522,6,0,9,0,9,0,18,0,0.069,0
schrod_761214_2,0,0,2,0,0,3,0,-2,245.207,7.324,450.832,0,202.492,130.744,117.596,732.724,6,3.5,0.073206,0.0190164,0.8718546,22.492,7.892,19.523,14.685,0.615,-2.443,-2.638,-4.229,119.033,-1.105,218.497,-8.628,8.775,0.43,3,-0.603,2,54.741,117.596,0,110.824,5,1,6,0,6,0,17,0,0,0
schrod_850935,1,0,0,0,0,0,0,1,246.311,2.675,502.409,75.841,18.362,408.207,0,848.574,1,0,0.0084337,0,0.8627811,31.704,9.305,11.748,5.294,4.882,-5.355,-5.176,-5.699,6633.955,0.399,3824.625,-0.42,7.91,0.343,1,0.897,3,100,0,0,14.699,2,0,18,0,18,0,19,0,0.432,0
schrod_310301_2,0,0,0,1,0,3,0,-1,247.311,5.128,501.022,194.284,120.07,159.535,27.133,832.061,1,3,0.0316082,0.0059878,0.8539093,26.742,8.247,12.055,6.594,3.187,-4.101,-3.624,-2.849,182.337,-0.649,140.772,-2.882,9.01,1.243,3,0.017,3,86.072,0,0,63.681,3,0,10,0,10,0,17,0,0.035,0
schrod_454810_3,0,0,0,1,0,5,0,-2,246.237,7.478,453.7,131.915,234.124,87.517,0.144,738.628,2,6,0.0757117,0.0187024,0.8709905,21.031,7.721,14.015,10.735,0.42,-1.926,-2.312,-2.229,15.111,-1.795,6.786,-5.046,9.465,1.311,3,-0.774,2,50.512,0,0,118.022,7,0,6,0,6,0,16,1,0.026,0
schrod_43151_3,0,0,2,0,0,3,0,-1,245.207,4.597,444.101,0.579,187.371,149.294,106.855,723.164,6,3.5,0.0292245,0.0193047,0.877354,22.286,7.925,18.763,14.689,0.651,-2.298,-2.638,-4.229,165.6,-0.978,272.647,-8.284,8.797,0.858,3,-0.618,2,57.517,106.855,0,107.717,5,1,6,0,6,0,17,0,0,0
schrod_738597,1,0,0,0,0,5,0,-1,247.357,2.269,518.573,199.835,87.686,177.43,53.622,866.589,3,2.5,0.0059426,0.0083501,0.8476771,27.011,9.106,14.355,8.543,3.007,-3.785,-3.637,-4.843,1460.08,-0.42,1464.745,-2.03,7.8,0.182,3,0.06,3,100,0,0,47.916,3,0,11,0,11,0,17,0,0.379,0
schrod_471132,0,0,2,0,0,12,0,-2,248.404,5.021,544.292,232.224,241.942,0,70.125,893.112,6,3,0.0282305,0.013501,0.8240193,21.883,9.919,17.752,11.795,1.053,-2.253,-2.446,-4.38,50.3,-2.363,47.32,-8.952,9.042,0.376,2,-0.625,2,50.609,0,0,118.23,4,1,0,0,0,0,15,0,0,0
schrod_415579,0,0,0,0,0,2,0,0,248.287,8.239,512.273,46.162,77.293,388.819,0,841.534,2,3,0.0806625,0.008282,0.8414815,29.953,9.634,15.328,9.566,3.012,-4.053,-4.04,-5.951,1832.039,-0.285,951.812,-1.382,8.798,0.314,1,0.163,3,100,0,0,56.247,4,0,18,0,18,0,19,0,0.911,0
schrod_605582_1,0,0,0,0,0,4,0,0,247.299,3.062,534.99,342.905,93.224,98.861,0,890.634,2,5.2,0.0105296,0.0137459,0.8367942,27.865,8.185,14.358,9.482,2.054,-3.552,-2.89,-4.644,1293.77,-0.565,653.513,-2.505,8.898,0.539,4,-0.131,3,94.667,0,0,70.136,6,0,11,0,11,0,18,0,0.217,0
schrod_812526_5,0,1,0,0,0,5,0,-1,246.268,8.771,497.198,130.963,165.346,200.889,0,820.575,3,4,0.0937522,0.0139345,0.8525397,25.393,8.996,15.967,10.638,0.983,-1.761,-2.071,-5.602,66.807,-0.856,29.377,-5.442,8.615,1.43,6,-0.232,3,65.361,0,0,91.988,6,0,10,0,10,0,18,0,0.018,0
schrod_693781_1,0,0,0,0,0,8,0,0,248.324,4.687,548.326,297.683,75.706,174.936,0,916.28,1,4.9,0.0239712,0.0089363,0.8320419,27.049,8.614,12.533,7.27,2.687,-3.232,-2.891,-5.084,1896.6,-0.648,988.118,-1.53,8.657,0.119,3,-0.17,3,100,0,0,47.586,4,0,9,0,9,0,18,0,4.295,0
schrod_380274_2,0,0,0,1,0,3,0,-1,250.315,3.952,494.734,242.599,124.227,92.737,35.171,824.561,2,3.5,0.0189371,0.0100049,0.8595574,25.804,8.043,13.244,8.113,2.782,-3.663,-3.378,-2.439,166.517,-0.652,141.235,-3.194,8.731,0.659,3,-0.149,3,82.997,0,0,74.941,4,0,9,0,9,0,17,0,0.038,0
schrod_449142_6,1,0,0,1,0,2,0,-1,250.256,2.826,490.896,0,117.948,372.948,0,815.17,1,4,0.0097992,0.0081484,0.8596882,28.747,9.404,13.245,9.203,2.863,-3.513,-3.677,-3.773,190.986,-0.621,105.108,-2.187,9.044,1.297,0,-0.163,3,84.534,0,0,68.519,4,0,16,0,16,0,19,0,0.499,0
schrod_578552_2,0,1,0,0,0,7,0,1,250.386,3.735,571.479,502.251,23.471,45.758,0,992.741,1,4.5,0.0140493,0.0078743,0.8421482,29.518,8.126,12.66,5.918,3.159,-2.72,-1.85,-5.031,1479.877,0.32,836.033,-3.181,8.757,0.013,3,0.156,3,100,0,0,35.897,4,0,6,0,6,0,18,0,0.316,0
schrod_889366_2,0,1,0,0,0,5,0,1,251.33,5.126,548.34,96.182,69.354,382.804,0,914.446,2,3,0.0287395,0.0077372,0.8309102,30.887,10.24,14.772,8.896,2.985,-2.974,-2.872,-6.82,543.4,-0.009,283.091,-3.032,8.292,0.041,5,0.224,3,93.375,0,0,40.601,3,0,15,0,15,0,19,0,0.248,0
schrod_387789_4,1,0,0,0,0,2,0,-1,252.318,5.187,529.765,154.986,97.511,277.268,0,882.816,2.5,3.5,0.030476,0.0104461,0.8400952,30.54,9.52,15.764,10.211,2.714,-4.138,-3.73,-5.442,1178.161,-0.478,590.628,-2.148,7.788,0.47,3,0.151,3,100,0,0,55.831,4,0,15,0,15,0,19,0,0.131,0
schrod_616086_1,0,0,0,0,0,7,0,-2,252.337,7.802,508.9,244.087,152.534,75.976,36.302,870.215,3,5.5,0.0699426,0.0187194,0.866198,24.903,8.852,16.174,10.778,0.404,-1.743,-2.488,-4.059,354.337,-1.125,254.793,-3.391,9.128,0.187,2,-0.367,3,74.941,0,0,96.39,6,0,5,0,5,0,17,0,0.221,0
schrod_805014,1,0,0,0,0,0,0,1,253.321,7.892,458.421,67.626,61.186,276.324,53.285,779.602,1,1.5,0.0798835,0.0032721,0.8936118,27.685,8.554,12.462,6.079,3.599,-4.277,-4.715,-4.571,2604.199,0.183,2726.093,-1.674,8.079,0.666,2,0.437,3,100,0,0,30.917,3,0,17,0,17,0,18,0,0.284,0
schrod_196914_3,1,0,0,0,0,5,0,-2,252.318,5.374,530.049,67.295,163.99,298.764,0,878.998,4,3.5,0.0328536,0.0132063,0.8372223,28.666,10.431,17.576,12.345,1.926,-3.329,-3.563,-5.591,275.919,-1.298,122.999,-3.009,7.755,-0.169,5,-0.145,3,81.91,0,0,80.798,4,0,15,0,15,0,19,0,0.116,0
schrod_224751_4,0,0,0,0,0,3,0,-2,254.174,9.109,443.457,0,208.541,116.742,118.174,711.745,3.5,5,0.1165661,0.0210937,0.8693529,21.519,7.027,16.953,12.43,0.554,-3.732,-3.993,-4.203,104.305,-1.167,190.815,-4.664,8.911,1.491,1,-0.513,3,66.314,118.174,0,102.907,6,0,11,0,11,0,18,0,0.001,0
schrod_415583_2,0,0,0,1,0,1,0,-1,256.278,3.412,471.675,0,130.267,304.827,36.581,783.282,1,5,0.0148592,0.0106005,0.8712327,27.462,9.012,13.597,9.996,2.251,-3.192,-3.368,-3.262,145.941,-0.551,124.668,-2.75,9.275,1.295,3,-0.374,3,78.861,0,0,72.729,4,0,15,0,15,0,18,0,0.292,0
schrod_224751_6,0,0,0,0,0,3,0,-2,254.174,9.081,443.619,0,208.487,116.995,118.137,711.893,3.5,5,0.115828,0.021086,0.8691576,21.527,7.029,16.945,12.431,0.555,-3.734,-3.993,-4.207,104.429,-1.167,190.969,-4.662,8.911,1.491,1,-0.512,3,66.329,118.137,0,102.867,6,0,11,0,11,0,18,0,0.001,0
schrod_220655,0,0,1,0,0,4,0,-2,256.31,4.65,544.206,181.569,156.229,206.408,0,898.313,4.5,5,0.0240751,0.0194901,0.8273453,29.199,10,18.996,14.129,1.396,-3.402,-3.004,-5.31,326.875,-1.199,147.725,-5.35,8.156,0.154,5,-0.268,3,80.123,0,0,99.729,6,0,12,0,12,0,19,0,0,0
schrod_451331_1,1,0,0,0,0,4,1,0,255.322,4.863,567.882,262.126,77.966,227.79,0,937.669,2,5.5,0.0252231,0.0136968,0.8158427,30.979,9.401,15.883,10.63,2.469,-4.014,-2.999,-5.598,1805.287,-0.459,936.798,-1.77,7.697,0.332,4,-0.077,3,100,0,0,60.389,5,0,12,0,12,0,19,0,0.42,0
schrod_451332_1,1,0,0,0,0,4,1,0,255.322,6.206,569.26,262.022,78.34,228.898,0,938.897,2,5.5,0.0410227,0.0136637,0.814579,31.038,9.421,16.12,10.643,2.474,-4.036,-2.999,-5.624,1790.63,-0.465,928.58,-1.773,7.79,0.376,4,-0.074,3,100,0,0,60.436,5,0,12,0,12,0,19,0,0.396,0
schrod_851071_2,1,1,1,0,0,12,0,-1,256.347,5.358,614.61,420.103,92.763,101.744,0,1016.948,4,6.4,0.028232,0.0208262,0.7957282,27.811,9.855,17.749,12.037,1.487,-1.815,-0.901,-6.049,325.931,-0.738,162.921,-5.844,8.429,-0.923,2,-0.487,2,80.634,0,0,81.932,6,0,0,0,0,0,18,0,0.006,0
schrod_625015_1,0,0,0,1,0,8,1,-2,259.276,7.173,515.35,182.976,164.469,164.706,3.198,834.163,1,6.25,0.061677,0.0121277,0.8315654,23.665,8.343,13.02,9.055,1.514,-2.233,-2.425,-3.235,69.158,-1.496,36.502,-3.202,9.142,0.525,1,-0.792,3,68.74,0,0,92.493,6,0,6,0,6,0,17,0,0.952,0
schrod_791923_3,0,0,0,1,0,1,0,-1,258.294,2.44,483.774,71.753,120.497,249.348,42.175,804.347,1,3.5,0.0074035,0.0072348,0.8646062,27.775,8.766,12.67,8.105,2.994,-3.895,-3.9,-3.104,180.645,-0.468,168.476,-2.766,9.021,1.414,2,-0.058,3,84.868,0,0,64.09,4,0,14,0,14,0,18,0,0.056,0
schrod_398858,1,1,0,0,0,7,0,0,259.35,1.994,562.993,289.264,74.084,199.645,0,944.569,3,3.75,0.0042104,0.0115369,0.8269603,29.06,9.502,15.306,9.479,2.286,-2.518,-2.389,-6.01,490.075,-0.182,253.186,-3.572,7.773,0.6,7,0.006,3,88.481,0,0,56.182,4,0,10,0,10,0,19,1,0.214,0
schrod_357252,0,1,0,0,0,2,0,1,259.307,6.319,496.203,276.056,61.663,158.484,0,853.527,2,4.5,0.0467787,0.0128253,0.8769678,28.233,8.204,14.726,9.331,1.873,-2.198,-2.339,-5.005,642.76,0.307,339.433,-3.968,9.123,0.218,5,-0.006,3,88.171,0,0,56.128,5,0,15,0,15,3,19,0,0.177,0
schrod_631459,0,0,0,0,0,7,0,-2,259.35,4.415,562.281,405.8,122.239,34.242,0,953.267,2,4.7,0.0204432,0.0118211,0.8330827,27.828,8.553,14.15,8.151,2.344,-4.65,-3.958,-4.396,686.613,-1.033,329.5,-2.98,8.382,0.45,4,-0.026,3,91.442,0,0,69.492,4,0,10,0,10,4,19,0,0.006,0
schrod_802759,0,1,0,0,1,6,0,0,259.35,6.339,550.564,232.272,109.469,208.822,0,938.287,4,3.5,0.0428199,0.0127142,0.8418755,29.538,10.027,17.594,13.157,1.411,-1.407,-1.646,-4.438,139.074,-0.429,109.836,-4.288,8.144,-0.201,4,-0.359,3,73.565,0,26.565,72.911,4,0,9,0,9,0,19,0,0.524,0
schrod_867081_1,0,0,0,0,0,3,0,0,258.34,1.294,500.236,194.396,113.036,148.656,44.148,843.313,2,3.5,0.0019847,0.0098948,0.8629441,27.089,8.629,13.554,8.433,2.492,-3.754,-3.773,-4.459,839.427,-0.521,714.544,-2.791,8.622,1.138,3,0.062,3,93.869,0,0,62.467,4,0,13,0,13,0,18,0,0.074,0
schrod_722041_1,0,0,0,1,1,1,0,-1,261.277,6.127,459.108,193.939,114.598,150.571,0,800.045,0,4.75,0.0469178,0,0.9078071,26.66,7.744,11.756,9.15,1.475,-1.344,-2.298,-0.56,123.235,-0.424,113.756,-3.005,9.295,0.021,3,-0.855,2,73,0,27.894,79.148,5,0,13,0,13,4,19,0,11.691,0
schrod_838423_1,0,0,0,0,0,5,1,-1,260.288,4.303,475.75,0,174.083,178.643,123.024,787.168,4.3,4,0.0235187,0.0174347,0.8666247,23.844,9.164,17.004,12.441,1.44,-3.91,-4.36,-4.542,221.348,-0.981,457.49,-3.618,8.086,0.902,2,-0.418,3,77.35,47.042,0,86.126,4,0,12,0,12,0,18,0,0.008,0
schrod_481813_1,0,0,0,1,0,8,0,-2,262.277,5.234,502.874,171.295,175.144,155.082,1.353,817.363,1,6.2,0.0335107,0.0123291,0.8407151,22.901,8.204,12.393,8.983,1.345,-2.035,-2.501,-3.041,54.778,-1.567,27.719,-3.433,8.774,0.59,3,-0.818,3,65.941,0,0,99.941,6,0,6,0,6,0,17,0,0.893,0
schrod_803598,1,0,0,1,0,1,0,-2,261.667,9.173,465.554,0,192.448,201.632,71.474,764.267,2,2,0.1100911,0.0060754,0.8683429,25.715,8.982,14.43,8.224,2.669,-3.945,-4.394,-2.816,37.542,-1.023,44.621,-4.26,8.512,0.633,0,-0.008,3,70.756,0,0,94.942,5,0,14,0,14,0,18,0,0.002,0
schrod_731315_6,0,1,0,0,0,6,0,1,260.295,8.549,542.235,214.803,126.525,200.906,0,895.468,2,4.5,0.0816098,0.0117365,0.8285992,27.749,9.159,15.152,9.289,1.699,-2.33,-2.253,-5.99,155.943,-0.628,73.438,-4.63,8.543,1.359,5,-0.102,3,76.144,0,0,80.203,6,0,10,0,10,0,19,0,0.03,0
schrod_435630_5,0,1,0,1,0,6,0,0,262.326,1.168,471.019,78.645,130.725,227.543,34.106,827.711,1,4,0.0016471,0.0084922,0.9051334,25.291,9.117,11.913,7.383,0.43,-2.113,-2.568,-3.071,36.036,-0.38,29.478,-4.614,9.533,0.373,7,-0.281,2,57.328,0,0,74.567,4,0,11,0,11,0,18,1,0.049,0
schrod_498906,0,0,0,0,0,3,0,1,263.341,2.496,569.995,202.026,36.664,331.305,0,955.067,1,3,0.0065222,0.0052632,0.8228425,33.305,9.807,13.661,7.352,4.133,-5.084,-4.306,-5.979,4448.559,0.022,2483.124,-0.74,8.191,0.683,5,0.504,3,100,0,0,33.127,3,0,16,0,16,0,20,0,0.395,0
schrod_630988,0,1,0,0,0,3,1,-1,263.36,4.494,482.163,227.884,173.048,21.736,59.495,832.524,4,5.5,0.0242537,0.0228139,0.8876378,25.445,8.756,17.506,12.839,0.388,-2.7,-2.672,-4.18,56.466,-0.537,51.876,-6.407,8.681,1.475,3,-0.314,3,60.572,0,0,91.563,5,0,10,0,10,3,18,0,0,0
schrod_311237_2,0,0,0,1,0,3,0,-1,264.301,6.316,494.362,149.299,157.523,159.147,28.392,833.714,1,5.5,0.047845,0.0111255,0.8665593,26.805,8.602,13.877,9.293,1.97,-3.051,-3.099,-2.643,80.483,-0.946,59.091,-3.574,9.558,0.861,3,-0.424,3,72.586,0,0,93.085,6,0,11,0,11,0,18,0,0.063,0
schrod_129536,1,0,0,0,0,5,0,-2,264.329,6.404,545.134,86.136,141.557,317.441,0,913.51,3,3.5,0.0448872,0.0111205,0.835226,30.226,10.52,16.752,10.892,2.536,-3.808,-3.907,-5.712,450.316,-1.091,208.854,-2.53,7.653,0.449,4,0.049,3,89.287,0,0,68.121,4,0,15,0,15,0,20,0,0.121,0
schrod_195269,1,0,0,0,0,2,0,-1,264.329,2.485,545.958,88.209,119.169,338.58,0,913.865,3.5,2.5,0.006759,0.0085667,0.8341809,32.368,10.625,17.187,11.294,2.942,-4.379,-4.259,-5.83,734.205,-0.699,354.254,-2.331,7.631,0.233,3,0.242,3,95.463,0,0,64.05,4,0,17,0,17,0,20,0,0.052,0
schrod_466524_6,0,0,0,1,0,5,0,-2,264.298,6.967,481.396,0,238.857,241.941,0.597,798.704,3.5,5,0.0607773,0.0194313,0.8648091,24.91,9.766,17.078,13.096,1.031,-2.447,-3.233,-3.066,13.628,-1.866,6.104,-4.589,7.926,0.342,3,-0.578,2,53.288,0,0,111.454,5,0,12,0,12,0,18,1,0.024,0
schrod_396101_2,0,1,0,1,0,10,0,-2,265.352,2.364,590.381,309.207,156.097,125.077,0,988.221,3,3.75,0.0056558,0.0110017,0.8127099,28.168,9.964,15.158,8.934,0.685,-3.153,-2.263,-4.078,20.708,-1.216,10.534,-5.058,8.907,-0.327,5,-0.179,2,54.513,0,0,83.651,4,0,6,0,6,0,19,1,0.002,0
schrod_343961_1,0,0,0,1,0,3,0,-1,265.304,10.178,440.908,29.632,169.276,157.845,84.155,742.934,1,4,0.1394319,0.0090722,0.8997404,23.159,8.377,13.449,7.778,2.283,-2.971,-3.735,-2.1,62.267,-0.805,90.474,-3.795,9.426,1.534,2,-0.375,3,72.428,0,0,85.579,5,0,12,0,12,0,17,0,0.058,0
schrod_554002,0,0,0,0,0,5,0,-2,265.311,2.575,526.811,318.169,167.708,40.934,0,888.349,3,5.45,0.0074654,0.0179185,0.8483319,26.578,8.553,15.733,11.065,1.219,-3.119,-2.839,-4.181,254.403,-1.291,112.665,-3.986,8.421,0.329,4,-0.251,3,77.137,0,0,102.904,6,0,10,0,10,3,19,0,0.021,0
schrod_388914,0,0,0,0,0,2,0,0,266.342,1.416,543.937,191.562,80.107,272.268,0,932.034,1.5,3,0.0021516,0.0067549,0.8483414,32.462,9.661,14.266,8.136,3.529,-4.701,-4.266,-5.284,1722.826,-0.299,890.633,-1.845,8.116,0.751,2,0.452,3,100,0,0,47.401,3,0,15,0,15,0,20,0,0.076,0
schrod_889504_2,0,1,0,0,0,5,0,1,265.357,1.108,584.64,190.294,49.572,344.774,0,977.922,2,2.5,0.0012563,0.0060474,0.8149783,33.065,10.434,14.684,8.097,3.66,-3.755,-3.314,-6.896,836.968,0.163,451.531,-2.801,8.194,-0.005,4,0.468,3,100,0,0,37.679,3,0,15,0,15,0,20,0,0.074,0
schrod_889504_1,0,1,0,0,0,5,0,1,265.357,1.814,584.523,190.482,53.335,340.705,0,978.051,2,2.5,0.0033653,0.0060486,0.8152134,33.031,10.434,14.714,8.095,3.63,-3.753,-3.314,-6.873,770.943,0.126,413.156,-2.885,8.216,-0.013,4,0.469,3,100,0,0,39.082,3,0,15,0,15,0,20,0,0.061,0
schrod_105139_3,0,0,0,1,0,6,0,-2,266.317,5.019,540.942,227.62,164.242,117.742,31.338,889.762,1,5.5,0.0283075,0.0101674,0.8270468,26.726,8.768,13.352,8.508,2.209,-3.363,-3.018,-3.085,69.501,-1.322,52.334,-3.556,8.792,0.914,2,-0.43,3,72.847,0,0,91.737,6,0,9,0,9,0,18,0,0.032,0
